model,feature_set,fs,target,file,feature_count,feature_names,classes,class_boundaries,pipeline_contains_preprocessing,best_params,cv_mode,cv_folds,cv_repeats,cv_score_count,cv_macro_f1,cv_macro_f1_std,saved_cv_train_macro_f1,saved_cv_train_macro_f1_std,train_accuracy,train_balanced_accuracy,train_macro_precision,train_macro_recall,train_macro_f1,train_weighted_f1,train_mcc,train_cohen_kappa,train_log_loss,train_roc_auc_ovr_macro,train_roc_auc_ovr_weighted,n_train,val_accuracy,val_balanced_accuracy,val_macro_precision,val_macro_recall,val_macro_f1,val_weighted_f1,val_mcc,val_cohen_kappa,val_log_loss,val_roc_auc_ovr_macro,val_roc_auc_ovr_weighted,n_val,test_accuracy,test_balanced_accuracy,test_macro_precision,test_macro_recall,test_macro_f1,test_weighted_f1,test_mcc,test_cohen_kappa,test_log_loss,test_roc_auc_ovr_macro,test_roc_auc_ovr_weighted,n_test,val_balanced_error,test_balanced_error,train_cv_gap,train_val_gap,cv_val_gap,val_test_gap,abs_train_cv_gap,abs_cv_val_gap,abs_val_test_gap,possible_overfitting,possible_underfitting,high_cv_instability,split_sensitive,stable_generalization,generalization_diagnosis,rank_cv_macro_f1,rank_val_macro_f1,rank_cv_stability,rank_train_cv_gap,rank_val_balanced_error,selection_rank_score,Selection Rank,rank_test_macro_f1,rank_test_balanced_accuracy,rank_test_mcc,test_rank_score,Test Performance Rank,rank_generalization_gap,rank_generalization_cv_sd,rank_generalization_split_gap,generalization_rank_score,Generalization Rank
SVC,fs1,fs1,AC,SVC_fs1_AC_class.pkl,2,Ucs_class|PI/FF,Inactive|Normal|Active,"{""Active"": ""AC > 1.25"", ""Inactive"": ""AC < 0.75"", ""Normal"": ""0.75 <= AC <= 1.25""}",True,"{""classifier__C"": 10, ""classifier__class_weight"": null, ""classifier__gamma"": ""scale"", ""classifier__kernel"": ""rbf""}",group,5,1,5,0.640229,0.101015,,,0.700389,0.652039,0.743684,0.652039,0.672881,0.686070,0.524549,0.502051,0.686092,0.844897,0.840184,257,,,,,,,,,,,,0,0.853333,0.750000,0.773737,0.750000,0.756190,0.849790,0.750234,0.741379,0.514836,0.905835,0.912949,75,,0.250000,0.032652,,,,0.032652,,,False,False,False,False,True,Stable generalization,2.000000,18.500000,13.000000,1.000000,18.500000,4.000000,1,6.000000,9.500000,6.000000,7.050000,7,1.000000,13.000000,18.500000,5.800000,1
XGB,fs1,fs1,AC,XGB_fs1_AC_class.pkl,2,Ucs_class|PI/FF,Inactive|Normal|Active,"{""Active"": ""AC > 1.25"", ""Inactive"": ""AC < 0.75"", ""Normal"": ""0.75 <= AC <= 1.25""}",True,"{""classifier__colsample_bytree"": 1.0, ""classifier__learning_rate"": 0.01, ""classifier__max_depth"": 3, ""classifier__n_estimators"": 200, ""classifier__subsample"": 0.8}",group,5,1,5,0.649244,0.104533,,,0.739300,0.693926,0.780677,0.693926,0.717401,0.730548,0.585910,0.570127,0.642130,0.900559,0.894214,257,,,,,,,,,,,,0,0.866667,0.761905,0.823671,0.761905,0.783940,0.860220,0.771623,0.761070,0.545982,0.930501,0.942028,75,,0.238095,0.068157,,,,0.068157,,,False,False,False,False,True,Stable generalization,1.000000,18.500000,18.000000,6.000000,18.500000,5.400000,2,2.500000,6.000000,2.500000,3.550000,2,6.000000,18.000000,18.500000,10.800000,4
ANN,fs1,fs1,AC,ANN_fs1_AC_class.pkl,2,Ucs_class|PI/FF,Inactive|Normal|Active,"{""Active"": ""AC > 1.25"", ""Inactive"": ""AC < 0.75"", ""Normal"": ""0.75 <= AC <= 1.25""}",True,"{""classifier__activation"": ""relu"", ""classifier__alpha"": 0.01, ""classifier__batch_size"": 16, ""classifier__early_stopping"": true, ""classifier__hidden_layer_sizes"": [64, 32], ""classifier__learning_rate_init"": 0.005, ""classifier__max_iter"": 3000, ""classifier__solver"": ""adam""}",group,5,1,5,0.631534,0.136543,,,0.712062,0.670816,0.729708,0.670816,0.687775,0.703056,0.539202,0.528686,0.668018,0.849709,0.844007,257,,,,,,,,,,,,0,0.853333,0.750000,0.761785,0.750000,0.750116,0.852471,0.751258,0.743868,0.521177,0.893546,0.910967,75,,0.250000,0.056241,,,,0.056241,,,False,False,False,False,True,Stable generalization,3.000000,18.500000,29.000000,3.000000,18.500000,8.200000,3,7.000000,9.500000,5.000000,7.350000,8,3.000000,29.000000,18.500000,13.400000,7
KNN,fs1,fs1,AC,KNN_fs1_AC_class.pkl,2,Ucs_class|PI/FF,Inactive|Normal|Active,"{""Active"": ""AC > 1.25"", ""Inactive"": ""AC < 0.75"", ""Normal"": ""0.75 <= AC <= 1.25""}",True,"{""classifier__n_neighbors"": 7, ""classifier__p"": 1, ""classifier__weights"": ""uniform""}",group,5,1,5,0.631494,0.120569,,,0.715953,0.677249,0.755808,0.677249,0.699822,0.711338,0.543731,0.535745,0.548281,0.889008,0.882154,257,,,,,,,,,,,,0,0.773333,0.698718,0.715476,0.698718,0.706259,0.771319,0.604869,0.604651,0.504156,0.895280,0.901589,75,,0.301282,0.068328,,,,0.068328,,,False,False,False,False,True,Stable generalization,4.000000,18.500000,24.000000,7.000000,18.500000,8.600000,4,12.000000,13.000000,15.000000,12.900000,13,7.000000,24.000000,18.500000,13.800000,8
SVC,fs2,fs2,AC,SVC_fs2_AC_class.pkl,3,Ucs_class|PI|FF,Inactive|Normal|Active,"{""Active"": ""AC > 1.25"", ""Inactive"": ""AC < 0.75"", ""Normal"": ""0.75 <= AC <= 1.25""}",True,"{""classifier__C"": 100, ""classifier__class_weight"": ""balanced"", ""classifier__gamma"": ""scale"", ""classifier__kernel"": ""linear""}",group,5,1,5,0.618984,0.149788,,,0.688716,0.662698,0.674969,0.662698,0.658640,0.677893,0.510249,0.501709,0.731324,0.822671,0.824059,257,,,,,,,,,,,,0,0.773333,0.711691,0.725946,0.711691,0.674835,0.785083,0.649586,0.624116,0.590322,0.887428,0.919244,75,,0.288309,0.039656,,,,0.039656,,,False,False,False,False,True,Stable generalization,6.000000,18.500000,34.000000,2.000000,18.500000,10.800000,5,14.000000,12.000000,9.000000,12.400000,12,2.000000,34.000000,18.500000,14.800000,10
RF,fs1,fs1,AC,RF_fs1_AC_class.pkl,2,Ucs_class|PI/FF,Inactive|Normal|Active,"{""Active"": ""AC > 1.25"", ""Inactive"": ""AC < 0.75"", ""Normal"": ""0.75 <= AC <= 1.25""}",True,"{""classifier__class_weight"": null, ""classifier__max_depth"": 5, ""classifier__min_samples_leaf"": 4, ""classifier__min_samples_split"": 2, ""classifier__n_estimators"": 100}",group,5,1,5,0.616461,0.110054,,,0.747082,0.700695,0.787729,0.700695,0.724220,0.738228,0.599097,0.582959,0.543504,0.913753,0.908744,257,,,,,,,,,,,,0,0.866667,0.761905,0.823671,0.761905,0.783940,0.860220,0.771623,0.761070,0.445448,0.927611,0.934110,75,,0.238095,0.107759,,,,0.107759,,,False,False,False,False,False,Moderate generalization,7.000000,18.500000,20.000000,14.000000,18.500000,11.000000,6,2.500000,6.000000,2.500000,3.550000,2,14.000000,20.000000,18.500000,16.400000,14
LOGREG,fs1,fs1,AC,LOGREG_fs1_AC_class.pkl,2,Ucs_class|PI/FF,Inactive|Normal|Active,"{""Active"": ""AC > 1.25"", ""Inactive"": ""AC < 0.75"", ""Normal"": ""0.75 <= AC <= 1.25""}",True,"{""classifier__C"": 1, ""classifier__class_weight"": ""balanced"", ""classifier__max_iter"": 3000, ""classifier__penalty"": ""l2"", ""classifier__solver"": ""lbfgs""}",group,5,1,5,0.547057,0.101772,,,0.661479,0.632975,0.643520,0.632975,0.634110,0.652552,0.460976,0.456726,0.815597,0.797844,0.805482,257,,,,,,,,,,,,0,0.733333,0.689408,0.655678,0.689408,0.653213,0.743520,0.566687,0.558304,0.736650,0.827729,0.884989,75,,0.310592,0.087053,,,,0.087053,,,False,False,False,False,False,Moderate generalization,13.000000,18.500000,14.000000,10.000000,18.500000,12.600000,7,17.000000,14.000000,19.000000,16.500000,16,10.000000,14.000000,18.500000,11.600000,5
GBC,fs1,fs1,AC,GBC_fs1_AC_class.pkl,2,Ucs_class|PI/FF,Inactive|Normal|Active,"{""Active"": ""AC > 1.25"", ""Inactive"": ""AC < 0.75"", ""Normal"": ""0.75 <= AC <= 1.25""}",True,"{""classifier__learning_rate"": 0.01, ""classifier__max_depth"": 3, ""classifier__n_estimators"": 100}",group,5,1,5,0.620415,0.141322,,,0.754864,0.710836,0.792969,0.710836,0.733981,0.746912,0.611402,0.596797,0.672019,0.900625,0.896849,257,,,,,,,,,,,,0,0.853333,0.753358,0.809259,0.753358,0.774115,0.847326,0.745402,0.738095,0.616851,0.921029,0.932877,75,,0.246642,0.113566,,,,0.113566,,,False,False,False,False,False,Moderate generalization,5.000000,18.500000,32.000000,16.000000,18.500000,12.600000,8,5.000000,8.000000,7.000000,6.300000,6,16.000000,32.000000,18.500000,22.400000,27
ET,fs1,fs1,AC,ET_fs1_AC_class.pkl,2,Ucs_class|PI/FF,Inactive|Normal|Active,"{""Active"": ""AC > 1.25"", ""Inactive"": ""AC < 0.75"", ""Normal"": ""0.75 <= AC <= 1.25""}",True,"{""classifier__class_weight"": null, ""classifier__max_depth"": 5, ""classifier__min_samples_leaf"": 1, ""classifier__n_estimators"": 500}",group,5,1,5,0.616193,0.134356,,,0.731518,0.688194,0.776413,0.688194,0.711649,0.722025,0.574616,0.556464,0.645489,0.882356,0.875757,257,,,,,,,,,,,,0,0.866667,0.761905,0.798206,0.761905,0.774883,0.861838,0.771482,0.763407,0.553634,0.927681,0.939711,75,,0.238095,0.095456,,,,0.095456,,,False,False,False,False,False,Moderate generalization,8.000000,18.500000,28.000000,12.000000,18.500000,12.800000,9,4.000000,6.000000,4.000000,4.600000,4,12.000000,28.000000,18.500000,18.400000,16
LOGREG,fs2,fs2,AC,LOGREG_fs2_AC_class.pkl,3,Ucs_class|PI|FF,Inactive|Normal|Active,"{""Active"": ""AC > 1.25"", ""Inactive"": ""AC < 0.75"", ""Normal"": ""0.75 <= AC <= 1.25""}",True,"{""classifier__C"": 1, ""classifier__class_weight"": ""balanced"", ""classifier__max_iter"": 3000, ""classifier__penalty"": ""l2"", ""classifier__solver"": ""lbfgs""}",group,5,1,5,0.585169,0.138746,,,0.673152,0.655903,0.657009,0.655903,0.648214,0.662321,0.485823,0.479318,0.790041,0.809048,0.813108,257,,,,,,,,,,,,0,0.733333,0.675977,0.711240,0.675977,0.627991,0.744046,0.601730,0.565469,0.722031,0.840778,0.879354,75,,0.324023,0.063045,,,,0.063045,,,False,False,False,False,True,Stable generalization,10.000000,18.500000,30.000000,4.000000,18.500000,12.800000,9,20.000000,21.000000,16.000000,19.500000,19,4.000000,30.000000,18.500000,14.400000,9
DT,fs1,fs1,AC,DT_fs1_AC_class.pkl,2,Ucs_class|PI/FF,Inactive|Normal|Active,"{""Active"": ""AC > 1.25"", ""Inactive"": ""AC < 0.75"", ""Normal"": ""0.75 <= AC <= 1.25""}",True,"{""classifier__class_weight"": null, ""classifier__criterion"": ""gini"", ""classifier__max_depth"": 3, ""classifier__min_samples_leaf"": 1, ""classifier__min_samples_split"": 2}",group,5,1,5,0.563052,0.119437,,,0.708171,0.694859,0.758364,0.694859,0.706667,0.709941,0.549616,0.538555,0.634440,0.851002,0.846099,257,,,,,,,,,,,,0,0.773333,0.715507,0.751368,0.715507,0.719769,0.771094,0.630164,0.614104,0.529634,0.878166,0.893816,75,,0.284493,0.143615,,,,0.143615,,,False,False,False,False,False,Moderate generalization,12.000000,18.500000,23.000000,17.000000,18.500000,15.200000,11,10.000000,11.000000,11.000000,10.500000,11,17.000000,23.000000,18.500000,19.400000,22
GBC,fs2,fs2,AC,GBC_fs2_AC_class.pkl,3,Ucs_class|PI|FF,Inactive|Normal|Active,"{""Active"": ""AC > 1.25"", ""Inactive"": ""AC < 0.75"", ""Normal"": ""0.75 <= AC <= 1.25""}",True,"{""classifier__learning_rate"": 0.05, ""classifier__max_depth"": 2, ""classifier__n_estimators"": 100}",group,5,1,5,0.598275,0.129438,,,0.782101,0.763124,0.818580,0.763124,0.782090,0.779178,0.655804,0.646136,0.504519,0.929659,0.920352,257,,,,,,,,,,,,0,0.760000,0.680098,0.668391,0.680098,0.665000,0.766467,0.597712,0.592637,0.566872,0.896934,0.914716,75,,0.319902,0.183815,,,,0.183815,,,True,False,False,False,False,Possible overfitting,9.000000,18.500000,27.000000,25.000000,18.500000,15.800000,12,16.000000,20.000000,17.000000,17.400000,18,25.000000,27.000000,18.500000,25.800000,34
SVC,fs3,fs3,AC,SVC_fs3_AC_class.pkl,4,Ucs_class|LL|PL|FF,Inactive|Normal|Active,"{""Active"": ""AC > 1.25"", ""Inactive"": ""AC < 0.75"", ""Normal"": ""0.75 <= AC <= 1.25""}",True,"{""classifier__C"": 100, ""classifier__class_weight"": ""balanced"", ""classifier__gamma"": ""scale"", ""classifier__kernel"": ""linear""}",group,5,1,5,0.575090,0.156192,,,0.704280,0.680646,0.696171,0.680646,0.676219,0.692260,0.536271,0.525819,0.728392,0.834715,0.834621,257,,,,,,,,,,,,0,0.746667,0.687882,0.715626,0.687882,0.643782,0.758205,0.617349,0.584790,0.603730,0.845679,0.904435,75,,0.312118,0.101130,,,,0.101130,,,False,False,True,False,False,High CV instability,11.000000,18.500000,35.000000,13.000000,18.500000,16.200000,13,19.000000,17.500000,13.000000,17.350000,17,13.000000,35.000000,18.500000,21.800000,26
LOGREG,fs3,fs3,AC,LOGREG_fs3_AC_class.pkl,4,Ucs_class|LL|PL|FF,Inactive|Normal|Active,"{""Active"": ""AC > 1.25"", ""Inactive"": ""AC < 0.75"", ""Normal"": ""0.75 <= AC <= 1.25""}",True,"{""classifier__C"": 1, ""classifier__class_weight"": ""balanced"", ""classifier__max_iter"": 3000, ""classifier__penalty"": ""l2"", ""classifier__solver"": ""lbfgs""}",group,5,1,5,0.544468,0.120571,,,0.684825,0.664306,0.667962,0.664306,0.657137,0.672747,0.504252,0.496700,0.786900,0.817189,0.819166,257,,,,,,,,,,,,0,0.706667,0.655525,0.678571,0.655525,0.602803,0.717177,0.561240,0.526270,0.741627,0.818032,0.857600,75,,0.344475,0.112669,,,,0.112669,,,False,False,False,False,False,Moderate generalization,14.000000,18.500000,25.000000,15.000000,18.500000,16.400000,14,23.000000,22.000000,20.000000,22.100000,23,15.000000,25.000000,18.500000,19.000000,18
ANN,fs3,fs3,AC,ANN_fs3_AC_class.pkl,4,Ucs_class|LL|PL|FF,Inactive|Normal|Active,"{""Active"": ""AC > 1.25"", ""Inactive"": ""AC < 0.75"", ""Normal"": ""0.75 <= AC <= 1.25""}",True,"{""classifier__activation"": ""relu"", ""classifier__alpha"": 0.01, ""classifier__batch_size"": 16, ""classifier__early_stopping"": true, ""classifier__hidden_layer_sizes"": [64, 32], ""classifier__learning_rate_init"": 0.005, ""classifier__max_iter"": 3000, ""classifier__solver"": ""adam""}",group,5,1,5,0.539994,0.102357,,,0.712062,0.688323,0.709593,0.688323,0.684154,0.694119,0.549168,0.534169,0.637462,0.870204,0.868568,257,,,,,,,,,,,,0,0.773333,0.688645,0.676521,0.688645,0.673333,0.779467,0.620537,0.615269,0.610246,0.842492,0.882383,75,,0.311355,0.144160,,,,0.144160,,,False,False,False,False,False,Moderate generalization,16.000000,18.500000,16.000000,19.000000,18.500000,16.600000,15,15.000000,16.000000,12.000000,14.700000,15,19.000000,16.000000,18.500000,17.800000,15
ANN,fs4,fs4,AC,ANN_fs4_AC_class.pkl,2,Ucs_class|PI,Inactive|Normal|Active,"{""Active"": ""AC > 1.25"", ""Inactive"": ""AC < 0.75"", ""Normal"": ""0.75 <= AC <= 1.25""}",True,"{""classifier__activation"": ""relu"", ""classifier__alpha"": 0.01, ""classifier__batch_size"": 16, ""classifier__early_stopping"": true, ""classifier__hidden_layer_sizes"": [64, 32], ""classifier__learning_rate_init"": 0.005, ""classifier__max_iter"": 3000, ""classifier__solver"": ""adam""}",group,5,1,5,0.499649,0.103440,,,0.626459,0.555763,0.633844,0.555763,0.562978,0.597443,0.397183,0.371830,0.808956,0.783196,0.779016,257,,,,,,,,,,,,0,0.653333,0.558455,0.600373,0.558455,0.562963,0.634667,0.390221,0.371778,0.772833,0.764367,0.792756,75,,0.441545,0.063330,,,,0.063330,,,False,False,False,False,False,Moderate generalization,22.000000,18.500000,17.000000,5.000000,18.500000,17.600000,16,28.500000,28.500000,32.500000,29.300000,28,5.000000,17.000000,18.500000,9.800000,3
KNN,fs2,fs2,AC,KNN_fs2_AC_class.pkl,3,Ucs_class|PI|FF,Inactive|Normal|Active,"{""Active"": ""AC > 1.25"", ""Inactive"": ""AC < 0.75"", ""Normal"": ""0.75 <= AC <= 1.25""}",True,"{""classifier__n_neighbors"": 7, ""classifier__p"": 2, ""classifier__weights"": ""distance""}",group,5,1,5,0.521930,0.058123,,,0.926070,0.921491,0.946082,0.921491,0.931489,0.925848,0.885066,0.881970,0.123996,0.992161,0.990653,257,,,,,,,,,,,,0,0.733333,0.788767,0.685588,0.788767,0.706928,0.735226,0.573750,0.565091,3.672299,0.876834,0.857937,75,,0.211233,0.409558,,,,0.409558,,,True,False,False,False,False,Possible overfitting,20.000000,18.500000,1.000000,30.000000,18.500000,18.200000,17,11.000000,2.000000,18.000000,9.700000,10,30.000000,1.000000,18.500000,18.400000,16
DT,fs2,fs2,AC,DT_fs2_AC_class.pkl,3,Ucs_class|PI|FF,Inactive|Normal|Active,"{""Active"": ""AC > 1.25"", ""Inactive"": ""AC < 0.75"", ""Normal"": ""0.75 <= AC <= 1.25""}",True,"{""classifier__class_weight"": ""balanced"", ""classifier__criterion"": ""gini"", ""classifier__max_depth"": null, ""classifier__min_samples_leaf"": 1, ""classifier__min_samples_split"": 10}",group,5,1,5,0.541127,0.111637,,,0.817121,0.836057,0.810650,0.836057,0.820610,0.816531,0.718399,0.716462,0.348338,0.954928,0.949873,257,,,,,,,,,,,,0,0.640000,0.682387,0.595013,0.682387,0.593220,0.655483,0.453227,0.436404,6.507695,0.830608,0.837658,75,,0.317613,0.279483,,,,0.279483,,,True,False,False,False,False,Possible overfitting,15.000000,18.500000,22.000000,27.000000,18.500000,18.800000,18,26.000000,19.000000,26.000000,23.900000,24,27.000000,22.000000,18.500000,25.000000,31
XGB,fs2,fs2,AC,XGB_fs2_AC_class.pkl,3,Ucs_class|PI|FF,Inactive|Normal|Active,"{""Active"": ""AC > 1.25"", ""Inactive"": ""AC < 0.75"", ""Normal"": ""0.75 <= AC <= 1.25""}",True,"{""classifier__colsample_bytree"": 1.0, ""classifier__learning_rate"": 0.3, ""classifier__max_depth"": 6, ""classifier__n_estimators"": 300, ""classifier__subsample"": 0.8}",group,5,1,5,0.522015,0.091927,,,0.926070,0.930698,0.934187,0.930698,0.932409,0.926170,0.883346,0.883324,0.149662,0.992051,0.990529,257,,,,,,,,,,,,0,0.773333,0.798077,0.720546,0.798077,0.739425,0.782403,0.639362,0.630756,0.862155,0.906101,0.903809,75,,0.201923,0.410393,,,,0.410393,,,True,False,False,False,False,Possible overfitting,19.000000,18.500000,8.000000,31.000000,18.500000,19.200000,19,8.000000,1.000000,10.000000,6.300000,5,31.000000,8.000000,18.500000,21.800000,25
GBC,fs4,fs4,AC,GBC_fs4_AC_class.pkl,2,Ucs_class|PI,Inactive|Normal|Active,"{""Active"": ""AC > 1.25"", ""Inactive"": ""AC < 0.75"", ""Normal"": ""0.75 <= AC <= 1.25""}",True,"{""classifier__learning_rate"": 0.01, ""classifier__max_depth"": 2, ""classifier__n_estimators"": 100}",group,5,1,5,0.444743,0.074355,,,0.618677,0.525521,0.703386,0.525521,0.525718,0.574920,0.383823,0.343704,0.851377,0.787089,0.781665,257,,,,,,,,,,,,0,0.666667,0.510836,0.616162,0.510836,0.518519,0.638222,0.392896,0.375832,0.841170,0.736374,0.749094,75,,0.489164,0.080975,,,,0.080975,,,False,False,False,False,False,Moderate generalization,29.000000,18.500000,2.000000,9.000000,18.500000,19.600000,20,31.500000,32.500000,30.500000,31.600000,31,9.000000,2.000000,18.500000,6.200000,2
RF,fs2,fs2,AC,RF_fs2_AC_class.pkl,3,Ucs_class|PI|FF,Inactive|Normal|Active,"{""Active"": ""AC > 1.25"", ""Inactive"": ""AC < 0.75"", ""Normal"": ""0.75 <= AC <= 1.25""}",True,"{""classifier__class_weight"": null, ""classifier__max_depth"": 20, ""classifier__min_samples_leaf"": 1, ""classifier__min_samples_split"": 5, ""classifier__n_estimators"": 100}",group,5,1,5,0.513293,0.093092,,,0.879377,0.875558,0.888036,0.875558,0.881295,0.879571,0.809169,0.808904,0.337751,0.977434,0.974547,257,,,,,,,,,,,,0,0.760000,0.779457,0.702963,0.779457,0.722981,0.765197,0.609234,0.603989,0.512406,0.914997,0.915235,75,,0.220543,0.368002,,,,0.368002,,,True,False,False,False,False,Possible overfitting,21.000000,18.500000,9.000000,28.000000,18.500000,20.000000,21,9.000000,4.000000,14.000000,8.500000,9,28.000000,9.000000,18.500000,20.400000,24
RF,fs3,fs3,AC,RF_fs3_AC_class.pkl,4,Ucs_class|LL|PL|FF,Inactive|Normal|Active,"{""Active"": ""AC > 1.25"", ""Inactive"": ""AC < 0.75"", ""Normal"": ""0.75 <= AC <= 1.25""}",True,"{""classifier__class_weight"": ""balanced"", ""classifier__max_depth"": null, ""classifier__min_samples_leaf"": 1, ""classifier__min_samples_split"": 5, ""classifier__n_estimators"": 100}",group,5,1,5,0.539179,0.111348,,,0.922179,0.935808,0.920330,0.935808,0.927125,0.922053,0.879561,0.878533,0.315471,0.987193,0.985254,257,,,,,,,,,,,,0,0.706667,0.645910,0.620024,0.645910,0.624445,0.720674,0.518248,0.514706,0.630318,0.844670,0.872540,75,,0.354090,0.387945,,,,0.387945,,,True,False,False,False,False,Possible overfitting,17.000000,18.500000,21.000000,29.000000,18.500000,20.200000,22,21.000000,23.000000,22.000000,21.800000,22,29.000000,21.000000,18.500000,25.800000,33
ET,fs2,fs2,AC,ET_fs2_AC_class.pkl,3,Ucs_class|PI|FF,Inactive|Normal|Active,"{""Active"": ""AC > 1.25"", ""Inactive"": ""AC < 0.75"", ""Normal"": ""0.75 <= AC <= 1.25""}",True,"{""classifier__class_weight"": ""balanced"", ""classifier__max_depth"": 5, ""classifier__min_samples_leaf"": 2, ""classifier__n_estimators"": 300}",group,5,1,5,0.523328,0.122694,,,0.704280,0.709047,0.699114,0.709047,0.702296,0.700524,0.535239,0.534076,0.747598,0.894022,0.882782,257,,,,,,,,,,,,0,0.640000,0.689103,0.610850,0.689103,0.599749,0.663745,0.465517,0.444597,0.799570,0.853554,0.856633,75,,0.310897,0.178968,,,,0.178968,,,True,False,False,False,False,Possible overfitting,18.000000,18.500000,26.000000,24.000000,18.500000,20.800000,23,24.000000,15.000000,25.000000,21.500000,21,24.000000,26.000000,18.500000,24.800000,30
SVC,fs4,fs4,AC,SVC_fs4_AC_class.pkl,2,Ucs_class|PI,Inactive|Normal|Active,"{""Active"": ""AC > 1.25"", ""Inactive"": ""AC < 0.75"", ""Normal"": ""0.75 <= AC <= 1.25""}",True,"{""classifier__C"": 0.1, ""classifier__class_weight"": ""balanced"", ""classifier__gamma"": ""scale"", ""classifier__kernel"": ""rbf""}",group,5,1,5,0.479689,0.157972,,,0.579767,0.534729,0.594509,0.534729,0.548883,0.569272,0.315438,0.308451,0.874844,0.747816,0.743074,257,,,,,,,,,,,,0,0.560000,0.505342,0.505218,0.505342,0.505193,0.561054,0.242500,0.242424,0.856084,0.708207,0.721861,75,,0.494658,0.069194,,,,0.069194,,,False,False,True,False,False,High CV instability,24.000000,18.500000,36.000000,8.000000,18.500000,23.200000,24,34.000000,34.000000,36.000000,34.400000,35,8.000000,36.000000,18.500000,19.200000,20
ANN,fs2,fs2,AC,ANN_fs2_AC_class.pkl,3,Ucs_class|PI|FF,Inactive|Normal|Active,"{""Active"": ""AC > 1.25"", ""Inactive"": ""AC < 0.75"", ""Normal"": ""0.75 <= AC <= 1.25""}",True,"{""classifier__activation"": ""relu"", ""classifier__alpha"": 0.01, ""classifier__batch_size"": 32, ""classifier__early_stopping"": true, ""classifier__hidden_layer_sizes"": [32, 16], ""classifier__learning_rate_init"": 0.005, ""classifier__max_iter"": 3000, ""classifier__solver"": ""adam""}",group,5,1,5,0.464420,0.095408,,,0.700389,0.659819,0.714085,0.659819,0.671170,0.685039,0.524684,0.507626,0.650149,0.864488,0.857610,257,,,,,,,,,,,,0,0.893333,0.785714,0.837677,0.785714,0.805616,0.887740,0.815623,0.810187,0.500838,0.916003,0.941422,75,,0.214286,0.206750,,,,0.206750,,,True,False,False,False,False,Possible overfitting,27.000000,18.500000,11.000000,26.000000,18.500000,23.600000,25,1.000000,3.000000,1.000000,1.600000,1,26.000000,11.000000,18.500000,20.000000,23
RF,fs4,fs4,AC,RF_fs4_AC_class.pkl,2,Ucs_class|PI,Inactive|Normal|Active,"{""Active"": ""AC > 1.25"", ""Inactive"": ""AC < 0.75"", ""Normal"": ""0.75 <= AC <= 1.25""}",True,"{""classifier__class_weight"": null, ""classifier__max_depth"": 5, ""classifier__min_samples_leaf"": 4, ""classifier__min_samples_split"": 2, ""classifier__n_estimators"": 100}",group,5,1,5,0.440408,0.087354,,,0.645914,0.576771,0.675825,0.576771,0.590514,0.622447,0.429237,0.404775,0.730637,0.819809,0.814140,257,,,,,,,,,,,,0,0.626667,0.475122,0.499415,0.475122,0.473347,0.599937,0.328925,0.314621,0.798402,0.758840,0.774121,75,,0.524878,0.150106,,,,0.150106,,,True,False,False,False,False,Possible overfitting,31.000000,18.500000,6.000000,21.000000,18.500000,24.000000,26,36.000000,36.000000,35.000000,35.800000,36,21.000000,6.000000,18.500000,15.000000,11
GBC,fs3,fs3,AC,GBC_fs3_AC_class.pkl,4,Ucs_class|LL|PL|FF,Inactive|Normal|Active,"{""Active"": ""AC > 1.25"", ""Inactive"": ""AC < 0.75"", ""Normal"": ""0.75 <= AC <= 1.25""}",True,"{""classifier__learning_rate"": 0.1, ""classifier__max_depth"": 2, ""classifier__n_estimators"": 200}",group,5,1,5,0.465768,0.097157,,,0.914397,0.918664,0.924972,0.918664,0.921237,0.913768,0.865194,0.864432,0.291046,0.982867,0.980067,257,,,,,,,,,,,,0,0.706667,0.609432,0.602508,0.609432,0.598901,0.720293,0.513336,0.509950,0.827866,0.769973,0.815860,75,,0.390568,0.455470,,,,0.455470,,,True,False,False,False,False,Possible overfitting,26.000000,18.500000,12.000000,34.000000,18.500000,24.800000,27,25.000000,25.000000,23.000000,24.600000,26,34.000000,12.000000,18.500000,25.200000,32
LOGREG,fs4,fs4,AC,LOGREG_fs4_AC_class.pkl,2,Ucs_class|PI,Inactive|Normal|Active,"{""Active"": ""AC > 1.25"", ""Inactive"": ""AC < 0.75"", ""Normal"": ""0.75 <= AC <= 1.25""}",True,"{""classifier__C"": 100, ""classifier__class_weight"": null, ""classifier__max_iter"": 3000, ""classifier__penalty"": ""l2"", ""classifier__solver"": ""lbfgs""}",group,5,1,5,0.445682,0.141006,,,0.626459,0.535662,0.690293,0.535662,0.537918,0.585720,0.397108,0.359851,0.933494,0.703384,0.715647,257,,,,,,,,,,,,0,0.680000,0.582265,0.667836,0.582265,0.604280,0.664531,0.431288,0.412533,0.867776,0.676856,0.732077,75,,0.417735,0.092236,,,,0.092236,,,False,False,False,False,False,Moderate generalization,28.000000,18.500000,31.000000,11.000000,18.500000,25.200000,28,22.000000,26.000000,27.000000,24.200000,25,11.000000,31.000000,18.500000,19.000000,18
ET,fs3,fs3,AC,ET_fs3_AC_class.pkl,4,Ucs_class|LL|PL|FF,Inactive|Normal|Active,"{""Active"": ""AC > 1.25"", ""Inactive"": ""AC < 0.75"", ""Normal"": ""0.75 <= AC <= 1.25""}",True,"{""classifier__class_weight"": ""balanced"", ""classifier__max_depth"": null, ""classifier__min_samples_leaf"": 1, ""classifier__n_estimators"": 300}",group,5,1,5,0.468805,0.107376,,,0.972763,0.979225,0.974604,0.979225,0.976498,0.972864,0.957834,0.957259,0.044070,0.998876,0.998682,257,,,,,,,,,,,,0,0.640000,0.547009,0.550620,0.547009,0.538914,0.648682,0.413079,0.401949,2.067573,0.773899,0.798041,75,,0.452991,0.507693,,,,0.507693,,,True,False,False,False,False,Possible overfitting,25.000000,18.500000,19.000000,35.000000,18.500000,25.800000,29,30.000000,30.000000,29.000000,29.800000,30,35.000000,19.000000,18.500000,28.600000,35
XGB,fs3,fs3,AC,XGB_fs3_AC_class.pkl,4,Ucs_class|LL|PL|FF,Inactive|Normal|Active,"{""Active"": ""AC > 1.25"", ""Inactive"": ""AC < 0.75"", ""Normal"": ""0.75 <= AC <= 1.25""}",True,"{""classifier__colsample_bytree"": 1.0, ""classifier__learning_rate"": 0.01, ""classifier__max_depth"": 6, ""classifier__n_estimators"": 300, ""classifier__subsample"": 1.0}",group,5,1,5,0.443235,0.090098,,,0.883268,0.884843,0.898326,0.884843,0.890185,0.882401,0.816219,0.814378,0.394883,0.977585,0.973898,257,,,,,,,,,,,,0,0.640000,0.516789,0.518182,0.516789,0.509934,0.635147,0.384843,0.379025,0.657373,0.833786,0.858738,75,,0.483211,0.446950,,,,0.446950,,,True,False,False,False,False,Possible overfitting,30.000000,18.500000,7.000000,33.000000,18.500000,26.000000,30,33.000000,31.000000,34.000000,32.600000,33,33.000000,7.000000,18.500000,22.600000,28
XGB,fs4,fs4,AC,XGB_fs4_AC_class.pkl,2,Ucs_class|PI,Inactive|Normal|Active,"{""Active"": ""AC > 1.25"", ""Inactive"": ""AC < 0.75"", ""Normal"": ""0.75 <= AC <= 1.25""}",True,"{""classifier__colsample_bytree"": 0.8, ""classifier__learning_rate"": 0.01, ""classifier__max_depth"": 3, ""classifier__n_estimators"": 100, ""classifier__subsample"": 0.8}",group,5,1,5,0.373283,0.085940,,,0.610895,0.517585,0.698523,0.517585,0.517169,0.565548,0.370941,0.328473,0.921360,0.769045,0.762203,257,,,,,,,,,,,,0,0.666667,0.510836,0.616162,0.510836,0.518519,0.638222,0.392896,0.375832,0.883345,0.735393,0.749891,75,,0.489164,0.143887,,,,0.143887,,,False,False,False,False,False,Moderate generalization,36.000000,18.500000,5.000000,18.000000,18.500000,26.200000,31,31.500000,32.500000,30.500000,31.600000,31,18.000000,5.000000,18.500000,12.800000,6
DT,fs4,fs4,AC,DT_fs4_AC_class.pkl,2,Ucs_class|PI,Inactive|Normal|Active,"{""Active"": ""AC > 1.25"", ""Inactive"": ""AC < 0.75"", ""Normal"": ""0.75 <= AC <= 1.25""}",True,"{""classifier__class_weight"": null, ""classifier__criterion"": ""gini"", ""classifier__max_depth"": 5, ""classifier__min_samples_leaf"": 2, ""classifier__min_samples_split"": 5}",group,5,1,5,0.408187,0.080172,,,0.645914,0.574437,0.675253,0.574437,0.586822,0.619646,0.430846,0.403180,0.711540,0.817596,0.810945,257,,,,,,,,,,,,0,0.666667,0.497405,0.554762,0.497405,0.492552,0.627966,0.417301,0.376869,1.189982,0.774378,0.781645,75,,0.502595,0.178635,,,,0.178635,,,True,False,False,False,False,Possible overfitting,35.000000,18.500000,3.000000,23.000000,18.500000,26.200000,32,35.000000,35.000000,28.000000,33.600000,34,23.000000,3.000000,18.500000,15.000000,11
KNN,fs4,fs4,AC,KNN_fs4_AC_class.pkl,2,Ucs_class|PI,Inactive|Normal|Active,"{""Active"": ""AC > 1.25"", ""Inactive"": ""AC < 0.75"", ""Normal"": ""0.75 <= AC <= 1.25""}",True,"{""classifier__n_neighbors"": 15, ""classifier__p"": 1, ""classifier__weights"": ""uniform""}",group,5,1,5,0.409660,0.093668,,,0.626459,0.550187,0.636722,0.550187,0.556576,0.595127,0.396800,0.369261,1.026280,0.787892,0.781967,257,,,,,,,,,,,,0,0.693333,0.580739,0.674603,0.580739,0.583333,0.664000,0.484239,0.434241,1.664153,0.748980,0.774269,75,,0.419261,0.146916,,,,0.146916,,,False,False,False,False,False,Moderate generalization,34.000000,18.500000,10.000000,20.000000,18.500000,26.400000,33,27.000000,27.000000,24.000000,26.400000,27,20.000000,10.000000,18.500000,16.000000,13
ET,fs4,fs4,AC,ET_fs4_AC_class.pkl,2,Ucs_class|PI,Inactive|Normal|Active,"{""Active"": ""AC > 1.25"", ""Inactive"": ""AC < 0.75"", ""Normal"": ""0.75 <= AC <= 1.25""}",True,"{""classifier__class_weight"": null, ""classifier__max_depth"": null, ""classifier__min_samples_leaf"": 4, ""classifier__n_estimators"": 500}",group,5,1,5,0.429462,0.101936,,,0.642023,0.570599,0.669399,0.570599,0.582988,0.617284,0.421956,0.397774,0.815027,0.812925,0.808208,257,,,,,,,,,,,,0,0.653333,0.558455,0.600373,0.558455,0.562963,0.634667,0.390221,0.371778,0.824944,0.742897,0.756792,75,,0.441545,0.153527,,,,0.153527,,,True,False,False,False,False,Possible overfitting,32.000000,18.500000,15.000000,22.000000,18.500000,26.600000,34,28.500000,28.500000,32.500000,29.300000,28,22.000000,15.000000,18.500000,19.200000,20
DT,fs3,fs3,AC,DT_fs3_AC_class.pkl,4,Ucs_class|LL|PL|FF,Inactive|Normal|Active,"{""Active"": ""AC > 1.25"", ""Inactive"": ""AC < 0.75"", ""Normal"": ""0.75 <= AC <= 1.25""}",True,"{""classifier__class_weight"": ""balanced"", ""classifier__criterion"": ""log_loss"", ""classifier__max_depth"": 8, ""classifier__min_samples_leaf"": 1, ""classifier__min_samples_split"": 2}",group,5,1,5,0.489222,0.145056,,,0.894942,0.904528,0.904483,0.904528,0.903745,0.893729,0.834784,0.833999,0.216537,0.976422,0.972906,257,,,,,,,,,,,,0,0.813333,0.687882,0.695540,0.687882,0.688028,0.812409,0.679606,0.675124,4.564215,0.790620,0.847314,75,,0.312118,0.414523,,,,0.414523,,,True,False,False,False,False,Possible overfitting,23.000000,18.500000,33.000000,32.000000,18.500000,26.800000,35,13.000000,17.500000,8.000000,13.350000,14,32.000000,33.000000,18.500000,32.400000,36
KNN,fs3,fs3,AC,KNN_fs3_AC_class.pkl,4,Ucs_class|LL|PL|FF,Inactive|Normal|Active,"{""Active"": ""AC > 1.25"", ""Inactive"": ""AC < 0.75"", ""Normal"": ""0.75 <= AC <= 1.25""}",True,"{""classifier__n_neighbors"": 3, ""classifier__p"": 1, ""classifier__weights"": ""distance""}",group,5,1,5,0.427571,0.083275,,,0.972763,0.973389,0.979652,0.973389,0.976083,0.972625,0.957485,0.956901,0.043409,0.998876,0.998682,257,,,,,,,,,,,,0,0.733333,0.643315,0.649802,0.643315,0.644444,0.732444,0.543305,0.541144,4.166142,0.803321,0.832317,75,,0.356685,0.548512,,,,0.548512,,,True,False,False,False,False,Possible overfitting,33.000000,18.500000,4.000000,36.000000,18.500000,27.800000,36,18.000000,24.000000,21.000000,20.400000,20,36.000000,4.000000,18.500000,23.200000,29
