task,target,feature_set,model,rank,feature,mean_importance,relative_contribution_percent,source_file
regression,AC,fs1,ANN,1,PI/FF,0.4457652816949636,39.87723629086136,G:\Researching\GT_GL_MLops\GLFS_MLops_2026\regression_report\permutation_sensitivity\AC\fs1\ANN_permutation_sensitivity.csv
regression,AC,fs1,ANN,2,Distance,0.4196452011698614,37.54058813586083,G:\Researching\GT_GL_MLops\GLFS_MLops_2026\regression_report\permutation_sensitivity\AC\fs1\ANN_permutation_sensitivity.csv
regression,AC,fs1,ANN,3,Depth,0.1777696305933908,15.902901943275936,G:\Researching\GT_GL_MLops\GLFS_MLops_2026\regression_report\permutation_sensitivity\AC\fs1\ANN_permutation_sensitivity.csv
regression,AC,fs1,ANN,4,Ucs_class,0.0746638575822731,6.679273630001871,G:\Researching\GT_GL_MLops\GLFS_MLops_2026\regression_report\permutation_sensitivity\AC\fs1\ANN_permutation_sensitivity.csv
regression,AC,fs1,DT,1,Depth,1.1224865692339323,75.17744704404944,G:\Researching\GT_GL_MLops\GLFS_MLops_2026\regression_report\permutation_sensitivity\AC\fs1\DT_permutation_sensitivity.csv
regression,AC,fs1,DT,2,Distance,0.2803698227281194,18.777496389357747,G:\Researching\GT_GL_MLops\GLFS_MLops_2026\regression_report\permutation_sensitivity\AC\fs1\DT_permutation_sensitivity.csv
regression,AC,fs1,DT,3,PI/FF,0.0600686636384283,4.023040367214982,G:\Researching\GT_GL_MLops\GLFS_MLops_2026\regression_report\permutation_sensitivity\AC\fs1\DT_permutation_sensitivity.csv
regression,AC,fs1,DT,4,Ucs_class,0.0301910495210773,2.022016199377839,G:\Researching\GT_GL_MLops\GLFS_MLops_2026\regression_report\permutation_sensitivity\AC\fs1\DT_permutation_sensitivity.csv
regression,AC,fs1,EN,1,PI/FF,0.5584163610754089,93.44829110847697,G:\Researching\GT_GL_MLops\GLFS_MLops_2026\regression_report\permutation_sensitivity\AC\fs1\EN_permutation_sensitivity.csv
regression,AC,fs1,EN,2,Depth,0.039150865089472,6.551708891523028,G:\Researching\GT_GL_MLops\GLFS_MLops_2026\regression_report\permutation_sensitivity\AC\fs1\EN_permutation_sensitivity.csv
regression,AC,fs1,EN,3,Distance,0.0,0.0,G:\Researching\GT_GL_MLops\GLFS_MLops_2026\regression_report\permutation_sensitivity\AC\fs1\EN_permutation_sensitivity.csv
regression,AC,fs1,EN,4,Ucs_class,0.0,0.0,G:\Researching\GT_GL_MLops\GLFS_MLops_2026\regression_report\permutation_sensitivity\AC\fs1\EN_permutation_sensitivity.csv
regression,AC,fs1,ET,1,PI/FF,0.4777792810378648,43.70759211051328,G:\Researching\GT_GL_MLops\GLFS_MLops_2026\regression_report\permutation_sensitivity\AC\fs1\ET_permutation_sensitivity.csv
regression,AC,fs1,ET,2,Distance,0.3264700050136985,29.86571076179652,G:\Researching\GT_GL_MLops\GLFS_MLops_2026\regression_report\permutation_sensitivity\AC\fs1\ET_permutation_sensitivity.csv
regression,AC,fs1,ET,3,Depth,0.2151953869278761,19.686228702668,G:\Researching\GT_GL_MLops\GLFS_MLops_2026\regression_report\permutation_sensitivity\AC\fs1\ET_permutation_sensitivity.csv
regression,AC,fs1,ET,4,Ucs_class,0.0736818479915963,6.740468425022196,G:\Researching\GT_GL_MLops\GLFS_MLops_2026\regression_report\permutation_sensitivity\AC\fs1\ET_permutation_sensitivity.csv
regression,AC,fs1,GBR,1,Depth,0.476488805701711,49.81344273987497,G:\Researching\GT_GL_MLops\GLFS_MLops_2026\regression_report\permutation_sensitivity\AC\fs1\GBR_permutation_sensitivity.csv
regression,AC,fs1,GBR,2,PI/FF,0.3921488697154431,40.99631519844281,G:\Researching\GT_GL_MLops\GLFS_MLops_2026\regression_report\permutation_sensitivity\AC\fs1\GBR_permutation_sensitivity.csv
regression,AC,fs1,GBR,3,Distance,0.0879089503399295,9.190242061682223,G:\Researching\GT_GL_MLops\GLFS_MLops_2026\regression_report\permutation_sensitivity\AC\fs1\GBR_permutation_sensitivity.csv
regression,AC,fs1,GBR,4,Ucs_class,0.0,0.0,G:\Researching\GT_GL_MLops\GLFS_MLops_2026\regression_report\permutation_sensitivity\AC\fs1\GBR_permutation_sensitivity.csv
regression,AC,fs1,KNN,1,PI/FF,1.0209803995967106,39.79755853554344,G:\Researching\GT_GL_MLops\GLFS_MLops_2026\regression_report\permutation_sensitivity\AC\fs1\KNN_permutation_sensitivity.csv
regression,AC,fs1,KNN,2,Distance,0.7072967953780895,27.57025073858479,G:\Researching\GT_GL_MLops\GLFS_MLops_2026\regression_report\permutation_sensitivity\AC\fs1\KNN_permutation_sensitivity.csv
regression,AC,fs1,KNN,3,Depth,0.5468747511956468,21.317039906854667,G:\Researching\GT_GL_MLops\GLFS_MLops_2026\regression_report\permutation_sensitivity\AC\fs1\KNN_permutation_sensitivity.csv
regression,AC,fs1,KNN,4,Ucs_class,0.2902828120569122,11.315150819017092,G:\Researching\GT_GL_MLops\GLFS_MLops_2026\regression_report\permutation_sensitivity\AC\fs1\KNN_permutation_sensitivity.csv
regression,AC,fs1,LASSO,1,PI/FF,0.4837026185884371,100.0,G:\Researching\GT_GL_MLops\GLFS_MLops_2026\regression_report\permutation_sensitivity\AC\fs1\LASSO_permutation_sensitivity.csv
regression,AC,fs1,LASSO,2,Distance,0.0,0.0,G:\Researching\GT_GL_MLops\GLFS_MLops_2026\regression_report\permutation_sensitivity\AC\fs1\LASSO_permutation_sensitivity.csv
regression,AC,fs1,LASSO,3,Depth,0.0,0.0,G:\Researching\GT_GL_MLops\GLFS_MLops_2026\regression_report\permutation_sensitivity\AC\fs1\LASSO_permutation_sensitivity.csv
regression,AC,fs1,LASSO,4,Ucs_class,0.0,0.0,G:\Researching\GT_GL_MLops\GLFS_MLops_2026\regression_report\permutation_sensitivity\AC\fs1\LASSO_permutation_sensitivity.csv
regression,AC,fs1,MLR,1,PI/FF,0.9181851616889464,90.00972520598984,G:\Researching\GT_GL_MLops\GLFS_MLops_2026\regression_report\permutation_sensitivity\AC\fs1\MLR_permutation_sensitivity.csv
regression,AC,fs1,MLR,2,Depth,0.066628048105002,6.531550008836201,G:\Researching\GT_GL_MLops\GLFS_MLops_2026\regression_report\permutation_sensitivity\AC\fs1\MLR_permutation_sensitivity.csv
regression,AC,fs1,MLR,3,Ucs_class,0.0247894791540127,2.4301135541637047,G:\Researching\GT_GL_MLops\GLFS_MLops_2026\regression_report\permutation_sensitivity\AC\fs1\MLR_permutation_sensitivity.csv
regression,AC,fs1,MLR,4,Distance,0.0104928169406006,1.028611231010254,G:\Researching\GT_GL_MLops\GLFS_MLops_2026\regression_report\permutation_sensitivity\AC\fs1\MLR_permutation_sensitivity.csv
regression,AC,fs1,RF,1,Depth,0.5964276610756323,48.65532673981583,G:\Researching\GT_GL_MLops\GLFS_MLops_2026\regression_report\permutation_sensitivity\AC\fs1\RF_permutation_sensitivity.csv
regression,AC,fs1,RF,2,PI/FF,0.379930834076541,30.993966371691656,G:\Researching\GT_GL_MLops\GLFS_MLops_2026\regression_report\permutation_sensitivity\AC\fs1\RF_permutation_sensitivity.csv
regression,AC,fs1,RF,3,Distance,0.2385534235417155,19.4606915889704,G:\Researching\GT_GL_MLops\GLFS_MLops_2026\regression_report\permutation_sensitivity\AC\fs1\RF_permutation_sensitivity.csv
regression,AC,fs1,RF,4,Ucs_class,0.0109100026448101,0.8900152995221005,G:\Researching\GT_GL_MLops\GLFS_MLops_2026\regression_report\permutation_sensitivity\AC\fs1\RF_permutation_sensitivity.csv
regression,AC,fs1,RIDGE,1,PI/FF,0.4846215628904031,87.64410570279689,G:\Researching\GT_GL_MLops\GLFS_MLops_2026\regression_report\permutation_sensitivity\AC\fs1\RIDGE_permutation_sensitivity.csv
regression,AC,fs1,RIDGE,2,Depth,0.0675083737250448,12.208930628866408,G:\Researching\GT_GL_MLops\GLFS_MLops_2026\regression_report\permutation_sensitivity\AC\fs1\RIDGE_permutation_sensitivity.csv
regression,AC,fs1,RIDGE,3,Distance,0.0005527111848898,0.0999581554371733,G:\Researching\GT_GL_MLops\GLFS_MLops_2026\regression_report\permutation_sensitivity\AC\fs1\RIDGE_permutation_sensitivity.csv
regression,AC,fs1,RIDGE,4,Ucs_class,0.0002599134869728,0.0470055128995168,G:\Researching\GT_GL_MLops\GLFS_MLops_2026\regression_report\permutation_sensitivity\AC\fs1\RIDGE_permutation_sensitivity.csv
regression,AC,fs1,SVR,1,PI/FF,0.5142126398823379,67.18161169723575,G:\Researching\GT_GL_MLops\GLFS_MLops_2026\regression_report\permutation_sensitivity\AC\fs1\SVR_permutation_sensitivity.csv
regression,AC,fs1,SVR,2,Distance,0.1377293098360257,17.994262091358536,G:\Researching\GT_GL_MLops\GLFS_MLops_2026\regression_report\permutation_sensitivity\AC\fs1\SVR_permutation_sensitivity.csv
regression,AC,fs1,SVR,3,Depth,0.0805934887605408,10.529497035458151,G:\Researching\GT_GL_MLops\GLFS_MLops_2026\regression_report\permutation_sensitivity\AC\fs1\SVR_permutation_sensitivity.csv
regression,AC,fs1,SVR,4,Ucs_class,0.0328713847448611,4.294629175947557,G:\Researching\GT_GL_MLops\GLFS_MLops_2026\regression_report\permutation_sensitivity\AC\fs1\SVR_permutation_sensitivity.csv
regression,AC,fs1,XGB,1,Depth,0.6208010770005171,55.602983054422346,G:\Researching\GT_GL_MLops\GLFS_MLops_2026\regression_report\permutation_sensitivity\AC\fs1\XGB_permutation_sensitivity.csv
regression,AC,fs1,XGB,2,PI/FF,0.3567478191281969,31.952655490755117,G:\Researching\GT_GL_MLops\GLFS_MLops_2026\regression_report\permutation_sensitivity\AC\fs1\XGB_permutation_sensitivity.csv
regression,AC,fs1,XGB,3,Distance,0.1354466299551174,12.131481321780532,G:\Researching\GT_GL_MLops\GLFS_MLops_2026\regression_report\permutation_sensitivity\AC\fs1\XGB_permutation_sensitivity.csv
regression,AC,fs1,XGB,4,Ucs_class,0.0034932716357038,0.3128801330419981,G:\Researching\GT_GL_MLops\GLFS_MLops_2026\regression_report\permutation_sensitivity\AC\fs1\XGB_permutation_sensitivity.csv
regression,AC,fs2,ANN,1,FF,0.3716308731789787,45.04676985030237,G:\Researching\GT_GL_MLops\GLFS_MLops_2026\regression_report\permutation_sensitivity\AC\fs2\ANN_permutation_sensitivity.csv
regression,AC,fs2,ANN,2,PI,0.2253350796631543,27.31370885835174,G:\Researching\GT_GL_MLops\GLFS_MLops_2026\regression_report\permutation_sensitivity\AC\fs2\ANN_permutation_sensitivity.csv
regression,AC,fs2,ANN,3,Distance,0.1064098260099499,12.898333502481655,G:\Researching\GT_GL_MLops\GLFS_MLops_2026\regression_report\permutation_sensitivity\AC\fs2\ANN_permutation_sensitivity.csv
regression,AC,fs2,ANN,4,Depth,0.0854027585282026,10.351988184114363,G:\Researching\GT_GL_MLops\GLFS_MLops_2026\regression_report\permutation_sensitivity\AC\fs2\ANN_permutation_sensitivity.csv
regression,AC,fs2,ANN,5,Ucs_class,0.0362104116919068,4.389199604749879,G:\Researching\GT_GL_MLops\GLFS_MLops_2026\regression_report\permutation_sensitivity\AC\fs2\ANN_permutation_sensitivity.csv
regression,AC,fs2,DT,1,Depth,0.8837114117278319,51.91797732083959,G:\Researching\GT_GL_MLops\GLFS_MLops_2026\regression_report\permutation_sensitivity\AC\fs2\DT_permutation_sensitivity.csv
regression,AC,fs2,DT,2,FF,0.5564435810102714,32.69101749261499,G:\Researching\GT_GL_MLops\GLFS_MLops_2026\regression_report\permutation_sensitivity\AC\fs2\DT_permutation_sensitivity.csv
regression,AC,fs2,DT,3,PI,0.2282758296980802,13.411187398823438,G:\Researching\GT_GL_MLops\GLFS_MLops_2026\regression_report\permutation_sensitivity\AC\fs2\DT_permutation_sensitivity.csv
regression,AC,fs2,DT,4,Distance,0.0336990703882714,1.979817787721968,G:\Researching\GT_GL_MLops\GLFS_MLops_2026\regression_report\permutation_sensitivity\AC\fs2\DT_permutation_sensitivity.csv
regression,AC,fs2,DT,5,Ucs_class,0.0,0.0,G:\Researching\GT_GL_MLops\GLFS_MLops_2026\regression_report\permutation_sensitivity\AC\fs2\DT_permutation_sensitivity.csv
regression,AC,fs2,EN,1,FF,0.4466033074691954,64.47521175804019,G:\Researching\GT_GL_MLops\GLFS_MLops_2026\regression_report\permutation_sensitivity\AC\fs2\EN_permutation_sensitivity.csv
regression,AC,fs2,EN,2,PI,0.2059096342418528,29.726755374913527,G:\Researching\GT_GL_MLops\GLFS_MLops_2026\regression_report\permutation_sensitivity\AC\fs2\EN_permutation_sensitivity.csv
regression,AC,fs2,EN,3,Depth,0.0401614912868443,5.798032867046289,G:\Researching\GT_GL_MLops\GLFS_MLops_2026\regression_report\permutation_sensitivity\AC\fs2\EN_permutation_sensitivity.csv
regression,AC,fs2,EN,4,Distance,0.0,0.0,G:\Researching\GT_GL_MLops\GLFS_MLops_2026\regression_report\permutation_sensitivity\AC\fs2\EN_permutation_sensitivity.csv
regression,AC,fs2,EN,5,Ucs_class,0.0,0.0,G:\Researching\GT_GL_MLops\GLFS_MLops_2026\regression_report\permutation_sensitivity\AC\fs2\EN_permutation_sensitivity.csv
regression,AC,fs2,ET,1,FF,0.4268204235673461,43.30629134108354,G:\Researching\GT_GL_MLops\GLFS_MLops_2026\regression_report\permutation_sensitivity\AC\fs2\ET_permutation_sensitivity.csv
regression,AC,fs2,ET,2,Distance,0.2148263297361831,21.796828618307423,G:\Researching\GT_GL_MLops\GLFS_MLops_2026\regression_report\permutation_sensitivity\AC\fs2\ET_permutation_sensitivity.csv
regression,AC,fs2,ET,3,Depth,0.1542006919340433,15.645596417526358,G:\Researching\GT_GL_MLops\GLFS_MLops_2026\regression_report\permutation_sensitivity\AC\fs2\ET_permutation_sensitivity.csv
regression,AC,fs2,ET,4,PI,0.1375130461031471,13.95242520957552,G:\Researching\GT_GL_MLops\GLFS_MLops_2026\regression_report\permutation_sensitivity\AC\fs2\ET_permutation_sensitivity.csv
regression,AC,fs2,ET,5,Ucs_class,0.0522247674053526,5.298858413507165,G:\Researching\GT_GL_MLops\GLFS_MLops_2026\regression_report\permutation_sensitivity\AC\fs2\ET_permutation_sensitivity.csv
regression,AC,fs2,GBR,1,Depth,0.605405143924251,51.33992615761549,G:\Researching\GT_GL_MLops\GLFS_MLops_2026\regression_report\permutation_sensitivity\AC\fs2\GBR_permutation_sensitivity.csv
regression,AC,fs2,GBR,2,FF,0.3236943553743895,27.450120748622883,G:\Researching\GT_GL_MLops\GLFS_MLops_2026\regression_report\permutation_sensitivity\AC\fs2\GBR_permutation_sensitivity.csv
regression,AC,fs2,GBR,3,PI,0.1724177391163895,14.621471395370255,G:\Researching\GT_GL_MLops\GLFS_MLops_2026\regression_report\permutation_sensitivity\AC\fs2\GBR_permutation_sensitivity.csv
regression,AC,fs2,GBR,4,Distance,0.0774339872216414,6.566602920285436,G:\Researching\GT_GL_MLops\GLFS_MLops_2026\regression_report\permutation_sensitivity\AC\fs2\GBR_permutation_sensitivity.csv
regression,AC,fs2,GBR,5,Ucs_class,0.0002579965691311,0.0218787781059336,G:\Researching\GT_GL_MLops\GLFS_MLops_2026\regression_report\permutation_sensitivity\AC\fs2\GBR_permutation_sensitivity.csv
regression,AC,fs2,KNN,1,FF,0.6672633246527585,26.283902824466825,G:\Researching\GT_GL_MLops\GLFS_MLops_2026\regression_report\permutation_sensitivity\AC\fs2\KNN_permutation_sensitivity.csv
regression,AC,fs2,KNN,2,PI,0.6127813728646221,24.137826045510227,G:\Researching\GT_GL_MLops\GLFS_MLops_2026\regression_report\permutation_sensitivity\AC\fs2\KNN_permutation_sensitivity.csv
regression,AC,fs2,KNN,3,Distance,0.570320059739298,22.465249437817807,G:\Researching\GT_GL_MLops\GLFS_MLops_2026\regression_report\permutation_sensitivity\AC\fs2\KNN_permutation_sensitivity.csv
regression,AC,fs2,KNN,4,Depth,0.3552199358877428,13.992326464286773,G:\Researching\GT_GL_MLops\GLFS_MLops_2026\regression_report\permutation_sensitivity\AC\fs2\KNN_permutation_sensitivity.csv
regression,AC,fs2,KNN,5,Ucs_class,0.3330920365215581,13.12069522791836,G:\Researching\GT_GL_MLops\GLFS_MLops_2026\regression_report\permutation_sensitivity\AC\fs2\KNN_permutation_sensitivity.csv
regression,AC,fs2,LASSO,1,FF,0.5636334012354098,62.60701373511348,G:\Researching\GT_GL_MLops\GLFS_MLops_2026\regression_report\permutation_sensitivity\AC\fs2\LASSO_permutation_sensitivity.csv
regression,AC,fs2,LASSO,2,PI,0.2716109794571464,30.16988042974214,G:\Researching\GT_GL_MLops\GLFS_MLops_2026\regression_report\permutation_sensitivity\AC\fs2\LASSO_permutation_sensitivity.csv
regression,AC,fs2,LASSO,3,Depth,0.0471162171079171,5.233553662995083,G:\Researching\GT_GL_MLops\GLFS_MLops_2026\regression_report\permutation_sensitivity\AC\fs2\LASSO_permutation_sensitivity.csv
regression,AC,fs2,LASSO,4,Distance,0.0179113807035787,1.9895521721492917,G:\Researching\GT_GL_MLops\GLFS_MLops_2026\regression_report\permutation_sensitivity\AC\fs2\LASSO_permutation_sensitivity.csv
regression,AC,fs2,LASSO,5,Ucs_class,0.0,0.0,G:\Researching\GT_GL_MLops\GLFS_MLops_2026\regression_report\permutation_sensitivity\AC\fs2\LASSO_permutation_sensitivity.csv
regression,AC,fs2,MLR,1,FF,0.6170417738321344,60.54422954465077,G:\Researching\GT_GL_MLops\GLFS_MLops_2026\regression_report\permutation_sensitivity\AC\fs2\MLR_permutation_sensitivity.csv
regression,AC,fs2,MLR,2,PI,0.314226007519794,30.831902044533507,G:\Researching\GT_GL_MLops\GLFS_MLops_2026\regression_report\permutation_sensitivity\AC\fs2\MLR_permutation_sensitivity.csv
regression,AC,fs2,MLR,3,Depth,0.0523448178615612,5.136081222509699,G:\Researching\GT_GL_MLops\GLFS_MLops_2026\regression_report\permutation_sensitivity\AC\fs2\MLR_permutation_sensitivity.csv
regression,AC,fs2,MLR,4,Distance,0.0355178933310252,3.485020914258272,G:\Researching\GT_GL_MLops\GLFS_MLops_2026\regression_report\permutation_sensitivity\AC\fs2\MLR_permutation_sensitivity.csv
regression,AC,fs2,MLR,5,Ucs_class,2.819272221608049e-05,0.0027662740477653,G:\Researching\GT_GL_MLops\GLFS_MLops_2026\regression_report\permutation_sensitivity\AC\fs2\MLR_permutation_sensitivity.csv
regression,AC,fs2,RF,1,Depth,0.7265754516005463,55.27651751050163,G:\Researching\GT_GL_MLops\GLFS_MLops_2026\regression_report\permutation_sensitivity\AC\fs2\RF_permutation_sensitivity.csv
regression,AC,fs2,RF,2,FF,0.369773398812838,28.131676771310524,G:\Researching\GT_GL_MLops\GLFS_MLops_2026\regression_report\permutation_sensitivity\AC\fs2\RF_permutation_sensitivity.csv
regression,AC,fs2,RF,3,PI,0.1381765645498684,10.512217654830572,G:\Researching\GT_GL_MLops\GLFS_MLops_2026\regression_report\permutation_sensitivity\AC\fs2\RF_permutation_sensitivity.csv
regression,AC,fs2,RF,4,Distance,0.0746723308027985,5.68093291904959,G:\Researching\GT_GL_MLops\GLFS_MLops_2026\regression_report\permutation_sensitivity\AC\fs2\RF_permutation_sensitivity.csv
regression,AC,fs2,RF,5,Ucs_class,0.0052400739871719,0.3986551443076808,G:\Researching\GT_GL_MLops\GLFS_MLops_2026\regression_report\permutation_sensitivity\AC\fs2\RF_permutation_sensitivity.csv
regression,AC,fs2,RIDGE,1,FF,0.3920026160657596,63.69932788454642,G:\Researching\GT_GL_MLops\GLFS_MLops_2026\regression_report\permutation_sensitivity\AC\fs2\RIDGE_permutation_sensitivity.csv
regression,AC,fs2,RIDGE,2,PI,0.1573420567864607,25.567643823041145,G:\Researching\GT_GL_MLops\GLFS_MLops_2026\regression_report\permutation_sensitivity\AC\fs2\RIDGE_permutation_sensitivity.csv
regression,AC,fs2,RIDGE,3,Depth,0.0550562531866937,8.946487038865817,G:\Researching\GT_GL_MLops\GLFS_MLops_2026\regression_report\permutation_sensitivity\AC\fs2\RIDGE_permutation_sensitivity.csv
regression,AC,fs2,RIDGE,4,Ucs_class,0.0100172868838227,1.6277810799587815,G:\Researching\GT_GL_MLops\GLFS_MLops_2026\regression_report\permutation_sensitivity\AC\fs2\RIDGE_permutation_sensitivity.csv
regression,AC,fs2,RIDGE,5,Distance,0.0009770025122758,0.1587601735878396,G:\Researching\GT_GL_MLops\GLFS_MLops_2026\regression_report\permutation_sensitivity\AC\fs2\RIDGE_permutation_sensitivity.csv
regression,AC,fs2,SVR,1,FF,0.3114580808858176,39.42651839077303,G:\Researching\GT_GL_MLops\GLFS_MLops_2026\regression_report\permutation_sensitivity\AC\fs2\SVR_permutation_sensitivity.csv
regression,AC,fs2,SVR,2,PI,0.2140656161720225,27.097906494622343,G:\Researching\GT_GL_MLops\GLFS_MLops_2026\regression_report\permutation_sensitivity\AC\fs2\SVR_permutation_sensitivity.csv
regression,AC,fs2,SVR,3,Distance,0.1364855869068883,17.277289730147167,G:\Researching\GT_GL_MLops\GLFS_MLops_2026\regression_report\permutation_sensitivity\AC\fs2\SVR_permutation_sensitivity.csv
regression,AC,fs2,SVR,4,Depth,0.0865938838300392,10.961652828667924,G:\Researching\GT_GL_MLops\GLFS_MLops_2026\regression_report\permutation_sensitivity\AC\fs2\SVR_permutation_sensitivity.csv
regression,AC,fs2,SVR,5,Ucs_class,0.041367881129268,5.236632555789528,G:\Researching\GT_GL_MLops\GLFS_MLops_2026\regression_report\permutation_sensitivity\AC\fs2\SVR_permutation_sensitivity.csv
regression,AC,fs2,XGB,1,Depth,0.7535974097991074,50.78394101412688,G:\Researching\GT_GL_MLops\GLFS_MLops_2026\regression_report\permutation_sensitivity\AC\fs2\XGB_permutation_sensitivity.csv
regression,AC,fs2,XGB,2,FF,0.4413264347253207,29.74040958426361,G:\Researching\GT_GL_MLops\GLFS_MLops_2026\regression_report\permutation_sensitivity\AC\fs2\XGB_permutation_sensitivity.csv
regression,AC,fs2,XGB,3,PI,0.2135530528355574,14.39106013047302,G:\Researching\GT_GL_MLops\GLFS_MLops_2026\regression_report\permutation_sensitivity\AC\fs2\XGB_permutation_sensitivity.csv
regression,AC,fs2,XGB,4,Distance,0.0723741285712838,4.877197597179517,G:\Researching\GT_GL_MLops\GLFS_MLops_2026\regression_report\permutation_sensitivity\AC\fs2\XGB_permutation_sensitivity.csv
regression,AC,fs2,XGB,5,Ucs_class,0.0030775443021327,0.2073916739569667,G:\Researching\GT_GL_MLops\GLFS_MLops_2026\regression_report\permutation_sensitivity\AC\fs2\XGB_permutation_sensitivity.csv
regression,AC,fs3,ANN,1,LL,0.4137001415203288,27.397673798771745,G:\Researching\GT_GL_MLops\GLFS_MLops_2026\regression_report\permutation_sensitivity\AC\fs3\ANN_permutation_sensitivity.csv
regression,AC,fs3,ANN,2,FF,0.3759458905583834,24.897363674218603,G:\Researching\GT_GL_MLops\GLFS_MLops_2026\regression_report\permutation_sensitivity\AC\fs3\ANN_permutation_sensitivity.csv
regression,AC,fs3,ANN,3,PL,0.2391348631243445,15.83692707891611,G:\Researching\GT_GL_MLops\GLFS_MLops_2026\regression_report\permutation_sensitivity\AC\fs3\ANN_permutation_sensitivity.csv
regression,AC,fs3,ANN,4,Depth,0.2105647280759767,13.94484350948476,G:\Researching\GT_GL_MLops\GLFS_MLops_2026\regression_report\permutation_sensitivity\AC\fs3\ANN_permutation_sensitivity.csv
regression,AC,fs3,ANN,5,Distance,0.1635919720688801,10.83402937782344,G:\Researching\GT_GL_MLops\GLFS_MLops_2026\regression_report\permutation_sensitivity\AC\fs3\ANN_permutation_sensitivity.csv
regression,AC,fs3,DT,1,Depth,0.8726853592555159,51.49213608468601,G:\Researching\GT_GL_MLops\GLFS_MLops_2026\regression_report\permutation_sensitivity\AC\fs3\DT_permutation_sensitivity.csv
regression,AC,fs3,DT,2,FF,0.6364941734683079,37.5558547530803,G:\Researching\GT_GL_MLops\GLFS_MLops_2026\regression_report\permutation_sensitivity\AC\fs3\DT_permutation_sensitivity.csv
regression,AC,fs3,DT,3,LL,0.1204779865177612,7.10871199016545,G:\Researching\GT_GL_MLops\GLFS_MLops_2026\regression_report\permutation_sensitivity\AC\fs3\DT_permutation_sensitivity.csv
regression,AC,fs3,DT,4,Distance,0.0651359494548056,3.843297172068242,G:\Researching\GT_GL_MLops\GLFS_MLops_2026\regression_report\permutation_sensitivity\AC\fs3\DT_permutation_sensitivity.csv
regression,AC,fs3,DT,5,Ucs_class,0.0,0.0,G:\Researching\GT_GL_MLops\GLFS_MLops_2026\regression_report\permutation_sensitivity\AC\fs3\DT_permutation_sensitivity.csv
regression,AC,fs3,EN,1,FF,0.4690285019644372,75.73407849081062,G:\Researching\GT_GL_MLops\GLFS_MLops_2026\regression_report\permutation_sensitivity\AC\fs3\EN_permutation_sensitivity.csv
regression,AC,fs3,EN,2,LL,0.1193102893919779,19.26504420035972,G:\Researching\GT_GL_MLops\GLFS_MLops_2026\regression_report\permutation_sensitivity\AC\fs3\EN_permutation_sensitivity.csv
regression,AC,fs3,EN,3,Depth,0.0309709187648322,5.000877308829662,G:\Researching\GT_GL_MLops\GLFS_MLops_2026\regression_report\permutation_sensitivity\AC\fs3\EN_permutation_sensitivity.csv
regression,AC,fs3,EN,4,Distance,0.0,0.0,G:\Researching\GT_GL_MLops\GLFS_MLops_2026\regression_report\permutation_sensitivity\AC\fs3\EN_permutation_sensitivity.csv
regression,AC,fs3,EN,5,Ucs_class,0.0,0.0,G:\Researching\GT_GL_MLops\GLFS_MLops_2026\regression_report\permutation_sensitivity\AC\fs3\EN_permutation_sensitivity.csv
regression,AC,fs3,ET,1,FF,0.3401920330768639,33.71696157096041,G:\Researching\GT_GL_MLops\GLFS_MLops_2026\regression_report\permutation_sensitivity\AC\fs3\ET_permutation_sensitivity.csv
regression,AC,fs3,ET,2,Distance,0.2372855311995227,23.51773809762197,G:\Researching\GT_GL_MLops\GLFS_MLops_2026\regression_report\permutation_sensitivity\AC\fs3\ET_permutation_sensitivity.csv
regression,AC,fs3,ET,3,Depth,0.1452536991575977,14.39632006734858,G:\Researching\GT_GL_MLops\GLFS_MLops_2026\regression_report\permutation_sensitivity\AC\fs3\ET_permutation_sensitivity.csv
regression,AC,fs3,ET,4,Ucs_class,0.1334205177028352,13.223515046714002,G:\Researching\GT_GL_MLops\GLFS_MLops_2026\regression_report\permutation_sensitivity\AC\fs3\ET_permutation_sensitivity.csv
regression,AC,fs3,ET,5,PL,0.0773019594633073,7.661517446516384,G:\Researching\GT_GL_MLops\GLFS_MLops_2026\regression_report\permutation_sensitivity\AC\fs3\ET_permutation_sensitivity.csv
regression,AC,fs3,GBR,1,Depth,0.6873955032243952,52.76605646837125,G:\Researching\GT_GL_MLops\GLFS_MLops_2026\regression_report\permutation_sensitivity\AC\fs3\GBR_permutation_sensitivity.csv
regression,AC,fs3,GBR,2,FF,0.4271592918291648,32.78972761375386,G:\Researching\GT_GL_MLops\GLFS_MLops_2026\regression_report\permutation_sensitivity\AC\fs3\GBR_permutation_sensitivity.csv
regression,AC,fs3,GBR,3,LL,0.116753139525999,8.962238950052322,G:\Researching\GT_GL_MLops\GLFS_MLops_2026\regression_report\permutation_sensitivity\AC\fs3\GBR_permutation_sensitivity.csv
regression,AC,fs3,GBR,4,Distance,0.0619963841355904,4.758984734099295,G:\Researching\GT_GL_MLops\GLFS_MLops_2026\regression_report\permutation_sensitivity\AC\fs3\GBR_permutation_sensitivity.csv
regression,AC,fs3,GBR,5,PL,0.0086304186755034,0.6624907451986046,G:\Researching\GT_GL_MLops\GLFS_MLops_2026\regression_report\permutation_sensitivity\AC\fs3\GBR_permutation_sensitivity.csv
regression,AC,fs3,KNN,1,FF,0.5215260166686304,28.772513638553352,G:\Researching\GT_GL_MLops\GLFS_MLops_2026\regression_report\permutation_sensitivity\AC\fs3\KNN_permutation_sensitivity.csv
regression,AC,fs3,KNN,2,Distance,0.400441693645418,22.09230934528605,G:\Researching\GT_GL_MLops\GLFS_MLops_2026\regression_report\permutation_sensitivity\AC\fs3\KNN_permutation_sensitivity.csv
regression,AC,fs3,KNN,3,PL,0.281990505300135,15.557374704943868,G:\Researching\GT_GL_MLops\GLFS_MLops_2026\regression_report\permutation_sensitivity\AC\fs3\KNN_permutation_sensitivity.csv
regression,AC,fs3,KNN,4,LL,0.2222074497066414,12.25915232017046,G:\Researching\GT_GL_MLops\GLFS_MLops_2026\regression_report\permutation_sensitivity\AC\fs3\KNN_permutation_sensitivity.csv
regression,AC,fs3,KNN,5,Depth,0.2040030427849802,11.254817867632347,G:\Researching\GT_GL_MLops\GLFS_MLops_2026\regression_report\permutation_sensitivity\AC\fs3\KNN_permutation_sensitivity.csv
regression,AC,fs3,LASSO,1,FF,0.5665185170554705,52.7628409635679,G:\Researching\GT_GL_MLops\GLFS_MLops_2026\regression_report\permutation_sensitivity\AC\fs3\LASSO_permutation_sensitivity.csv
regression,AC,fs3,LASSO,2,LL,0.38077812868512,35.463864359884255,G:\Researching\GT_GL_MLops\GLFS_MLops_2026\regression_report\permutation_sensitivity\AC\fs3\LASSO_permutation_sensitivity.csv
regression,AC,fs3,LASSO,3,PL,0.0640603231250587,5.966273898142142,G:\Researching\GT_GL_MLops\GLFS_MLops_2026\regression_report\permutation_sensitivity\AC\fs3\LASSO_permutation_sensitivity.csv
regression,AC,fs3,LASSO,4,Depth,0.0479369234642594,4.464617118207621,G:\Researching\GT_GL_MLops\GLFS_MLops_2026\regression_report\permutation_sensitivity\AC\fs3\LASSO_permutation_sensitivity.csv
regression,AC,fs3,LASSO,5,Distance,0.0144134871621178,1.3424036601980784,G:\Researching\GT_GL_MLops\GLFS_MLops_2026\regression_report\permutation_sensitivity\AC\fs3\LASSO_permutation_sensitivity.csv
regression,AC,fs3,MLR,1,FF,0.6035320903186793,44.889126884639175,G:\Researching\GT_GL_MLops\GLFS_MLops_2026\regression_report\permutation_sensitivity\AC\fs3\MLR_permutation_sensitivity.csv
regression,AC,fs3,MLR,2,LL,0.521720291611822,38.8041808283764,G:\Researching\GT_GL_MLops\GLFS_MLops_2026\regression_report\permutation_sensitivity\AC\fs3\MLR_permutation_sensitivity.csv
regression,AC,fs3,MLR,3,PL,0.1285803961488303,9.563471123058818,G:\Researching\GT_GL_MLops\GLFS_MLops_2026\regression_report\permutation_sensitivity\AC\fs3\MLR_permutation_sensitivity.csv
regression,AC,fs3,MLR,4,Depth,0.0515487251228295,3.834058370547036,G:\Researching\GT_GL_MLops\GLFS_MLops_2026\regression_report\permutation_sensitivity\AC\fs3\MLR_permutation_sensitivity.csv
regression,AC,fs3,MLR,5,Distance,0.0389438403732934,2.896540250194212,G:\Researching\GT_GL_MLops\GLFS_MLops_2026\regression_report\permutation_sensitivity\AC\fs3\MLR_permutation_sensitivity.csv
regression,AC,fs3,RF,1,Depth,0.746205595079625,53.549759684806105,G:\Researching\GT_GL_MLops\GLFS_MLops_2026\regression_report\permutation_sensitivity\AC\fs3\RF_permutation_sensitivity.csv
regression,AC,fs3,RF,2,FF,0.4289502050894999,30.782642948207787,G:\Researching\GT_GL_MLops\GLFS_MLops_2026\regression_report\permutation_sensitivity\AC\fs3\RF_permutation_sensitivity.csv
regression,AC,fs3,RF,3,LL,0.1145382067271833,8.219575791729124,G:\Researching\GT_GL_MLops\GLFS_MLops_2026\regression_report\permutation_sensitivity\AC\fs3\RF_permutation_sensitivity.csv
regression,AC,fs3,RF,4,Distance,0.0782065294489426,5.612315004588931,G:\Researching\GT_GL_MLops\GLFS_MLops_2026\regression_report\permutation_sensitivity\AC\fs3\RF_permutation_sensitivity.csv
regression,AC,fs3,RF,5,PL,0.0183699908738201,1.3182809177411494,G:\Researching\GT_GL_MLops\GLFS_MLops_2026\regression_report\permutation_sensitivity\AC\fs3\RF_permutation_sensitivity.csv
regression,AC,fs3,RIDGE,1,FF,0.3919024335117353,62.02138406121501,G:\Researching\GT_GL_MLops\GLFS_MLops_2026\regression_report\permutation_sensitivity\AC\fs3\RIDGE_permutation_sensitivity.csv
regression,AC,fs3,RIDGE,2,LL,0.1407684859692855,22.27762724967969,G:\Researching\GT_GL_MLops\GLFS_MLops_2026\regression_report\permutation_sensitivity\AC\fs3\RIDGE_permutation_sensitivity.csv
regression,AC,fs3,RIDGE,3,Depth,0.0563602317010071,8.919412785433902,G:\Researching\GT_GL_MLops\GLFS_MLops_2026\regression_report\permutation_sensitivity\AC\fs3\RIDGE_permutation_sensitivity.csv
regression,AC,fs3,RIDGE,4,Ucs_class,0.0213160421325519,3.373417265928909,G:\Researching\GT_GL_MLops\GLFS_MLops_2026\regression_report\permutation_sensitivity\AC\fs3\RIDGE_permutation_sensitivity.csv
regression,AC,fs3,RIDGE,5,PL,0.0213156733254157,3.37335889954207,G:\Researching\GT_GL_MLops\GLFS_MLops_2026\regression_report\permutation_sensitivity\AC\fs3\RIDGE_permutation_sensitivity.csv
regression,AC,fs3,SVR,1,FF,0.3126671440010324,32.97048058559984,G:\Researching\GT_GL_MLops\GLFS_MLops_2026\regression_report\permutation_sensitivity\AC\fs3\SVR_permutation_sensitivity.csv
regression,AC,fs3,SVR,2,Distance,0.1684467742815071,17.76256702283055,G:\Researching\GT_GL_MLops\GLFS_MLops_2026\regression_report\permutation_sensitivity\AC\fs3\SVR_permutation_sensitivity.csv
regression,AC,fs3,SVR,3,LL,0.1423698676863908,15.012779719870617,G:\Researching\GT_GL_MLops\GLFS_MLops_2026\regression_report\permutation_sensitivity\AC\fs3\SVR_permutation_sensitivity.csv
regression,AC,fs3,SVR,4,PL,0.1151753667057926,12.145143053150926,G:\Researching\GT_GL_MLops\GLFS_MLops_2026\regression_report\permutation_sensitivity\AC\fs3\SVR_permutation_sensitivity.csv
regression,AC,fs3,SVR,5,Depth,0.1098043700256369,11.578776086982554,G:\Researching\GT_GL_MLops\GLFS_MLops_2026\regression_report\permutation_sensitivity\AC\fs3\SVR_permutation_sensitivity.csv
regression,AC,fs3,XGB,1,Depth,0.7339370819647406,47.47089737782702,G:\Researching\GT_GL_MLops\GLFS_MLops_2026\regression_report\permutation_sensitivity\AC\fs3\XGB_permutation_sensitivity.csv
regression,AC,fs3,XGB,2,FF,0.4951573900376032,32.026676708340744,G:\Researching\GT_GL_MLops\GLFS_MLops_2026\regression_report\permutation_sensitivity\AC\fs3\XGB_permutation_sensitivity.csv
regression,AC,fs3,XGB,3,LL,0.2069237536548598,13.383785226505989,G:\Researching\GT_GL_MLops\GLFS_MLops_2026\regression_report\permutation_sensitivity\AC\fs3\XGB_permutation_sensitivity.csv
regression,AC,fs3,XGB,4,Distance,0.0558020565005751,3.6092653753360406,G:\Researching\GT_GL_MLops\GLFS_MLops_2026\regression_report\permutation_sensitivity\AC\fs3\XGB_permutation_sensitivity.csv
regression,AC,fs3,XGB,5,PL,0.0476448420533153,3.0816584463085728,G:\Researching\GT_GL_MLops\GLFS_MLops_2026\regression_report\permutation_sensitivity\AC\fs3\XGB_permutation_sensitivity.csv
regression,AC,fs4,ANN,1,Distance,0.6849593810199327,44.53205435203405,G:\Researching\GT_GL_MLops\GLFS_MLops_2026\regression_report\permutation_sensitivity\AC\fs4\ANN_permutation_sensitivity.csv
regression,AC,fs4,ANN,2,PI,0.4512872394305724,29.34005786558725,G:\Researching\GT_GL_MLops\GLFS_MLops_2026\regression_report\permutation_sensitivity\AC\fs4\ANN_permutation_sensitivity.csv
regression,AC,fs4,ANN,3,Depth,0.3141698579986639,20.42548737902487,G:\Researching\GT_GL_MLops\GLFS_MLops_2026\regression_report\permutation_sensitivity\AC\fs4\ANN_permutation_sensitivity.csv
regression,AC,fs4,ANN,4,Ucs_class,0.087710138403499,5.702400403353821,G:\Researching\GT_GL_MLops\GLFS_MLops_2026\regression_report\permutation_sensitivity\AC\fs4\ANN_permutation_sensitivity.csv
regression,AC,fs4,DT,1,Depth,1.1440459630747248,70.47499766858648,G:\Researching\GT_GL_MLops\GLFS_MLops_2026\regression_report\permutation_sensitivity\AC\fs4\DT_permutation_sensitivity.csv
regression,AC,fs4,DT,2,Distance,0.3302513112001044,20.343990659538548,G:\Researching\GT_GL_MLops\GLFS_MLops_2026\regression_report\permutation_sensitivity\AC\fs4\DT_permutation_sensitivity.csv
regression,AC,fs4,DT,3,PI,0.1490386617612096,9.181011671874977,G:\Researching\GT_GL_MLops\GLFS_MLops_2026\regression_report\permutation_sensitivity\AC\fs4\DT_permutation_sensitivity.csv
regression,AC,fs4,DT,4,Ucs_class,0.0,0.0,G:\Researching\GT_GL_MLops\GLFS_MLops_2026\regression_report\permutation_sensitivity\AC\fs4\DT_permutation_sensitivity.csv
regression,AC,fs4,EN,1,Distance,0.0,0.0,G:\Researching\GT_GL_MLops\GLFS_MLops_2026\regression_report\permutation_sensitivity\AC\fs4\EN_permutation_sensitivity.csv
regression,AC,fs4,EN,2,Depth,0.0,0.0,G:\Researching\GT_GL_MLops\GLFS_MLops_2026\regression_report\permutation_sensitivity\AC\fs4\EN_permutation_sensitivity.csv
regression,AC,fs4,EN,3,Ucs_class,0.0,0.0,G:\Researching\GT_GL_MLops\GLFS_MLops_2026\regression_report\permutation_sensitivity\AC\fs4\EN_permutation_sensitivity.csv
regression,AC,fs4,EN,4,PI,0.0,0.0,G:\Researching\GT_GL_MLops\GLFS_MLops_2026\regression_report\permutation_sensitivity\AC\fs4\EN_permutation_sensitivity.csv
regression,AC,fs4,ET,1,Distance,0.5809238621179028,42.47523691289392,G:\Researching\GT_GL_MLops\GLFS_MLops_2026\regression_report\permutation_sensitivity\AC\fs4\ET_permutation_sensitivity.csv
regression,AC,fs4,ET,2,Depth,0.3721203834367418,27.20821518497825,G:\Researching\GT_GL_MLops\GLFS_MLops_2026\regression_report\permutation_sensitivity\AC\fs4\ET_permutation_sensitivity.csv
regression,AC,fs4,ET,3,PI,0.28639473451309,20.94023845861567,G:\Researching\GT_GL_MLops\GLFS_MLops_2026\regression_report\permutation_sensitivity\AC\fs4\ET_permutation_sensitivity.csv
regression,AC,fs4,ET,4,Ucs_class,0.1282375871265397,9.376309443512165,G:\Researching\GT_GL_MLops\GLFS_MLops_2026\regression_report\permutation_sensitivity\AC\fs4\ET_permutation_sensitivity.csv
regression,AC,fs4,GBR,1,Depth,0.8348621495612646,68.05285194625402,G:\Researching\GT_GL_MLops\GLFS_MLops_2026\regression_report\permutation_sensitivity\AC\fs4\GBR_permutation_sensitivity.csv
regression,AC,fs4,GBR,2,Distance,0.2354081361469922,19.189030242386465,G:\Researching\GT_GL_MLops\GLFS_MLops_2026\regression_report\permutation_sensitivity\AC\fs4\GBR_permutation_sensitivity.csv
regression,AC,fs4,GBR,3,PI,0.1553215789511984,12.660864337877916,G:\Researching\GT_GL_MLops\GLFS_MLops_2026\regression_report\permutation_sensitivity\AC\fs4\GBR_permutation_sensitivity.csv
regression,AC,fs4,GBR,4,Ucs_class,0.0011930909815105,0.0972534734816029,G:\Researching\GT_GL_MLops\GLFS_MLops_2026\regression_report\permutation_sensitivity\AC\fs4\GBR_permutation_sensitivity.csv
regression,AC,fs4,KNN,1,Distance,0.9510695924206636,34.28313153770686,G:\Researching\GT_GL_MLops\GLFS_MLops_2026\regression_report\permutation_sensitivity\AC\fs4\KNN_permutation_sensitivity.csv
regression,AC,fs4,KNN,2,PI,0.8410324569212458,30.31663148300797,G:\Researching\GT_GL_MLops\GLFS_MLops_2026\regression_report\permutation_sensitivity\AC\fs4\KNN_permutation_sensitivity.csv
regression,AC,fs4,KNN,3,Depth,0.6877679423776841,24.791917462043177,G:\Researching\GT_GL_MLops\GLFS_MLops_2026\regression_report\permutation_sensitivity\AC\fs4\KNN_permutation_sensitivity.csv
regression,AC,fs4,KNN,4,Ucs_class,0.2942919642108741,10.608319517241997,G:\Researching\GT_GL_MLops\GLFS_MLops_2026\regression_report\permutation_sensitivity\AC\fs4\KNN_permutation_sensitivity.csv
regression,AC,fs4,LASSO,1,Distance,0.0,0.0,G:\Researching\GT_GL_MLops\GLFS_MLops_2026\regression_report\permutation_sensitivity\AC\fs4\LASSO_permutation_sensitivity.csv
regression,AC,fs4,LASSO,2,Depth,0.0,0.0,G:\Researching\GT_GL_MLops\GLFS_MLops_2026\regression_report\permutation_sensitivity\AC\fs4\LASSO_permutation_sensitivity.csv
regression,AC,fs4,LASSO,3,Ucs_class,0.0,0.0,G:\Researching\GT_GL_MLops\GLFS_MLops_2026\regression_report\permutation_sensitivity\AC\fs4\LASSO_permutation_sensitivity.csv
regression,AC,fs4,LASSO,4,PI,0.0,0.0,G:\Researching\GT_GL_MLops\GLFS_MLops_2026\regression_report\permutation_sensitivity\AC\fs4\LASSO_permutation_sensitivity.csv
regression,AC,fs4,MLR,1,PI,0.2669477270107653,63.45594748243784,G:\Researching\GT_GL_MLops\GLFS_MLops_2026\regression_report\permutation_sensitivity\AC\fs4\MLR_permutation_sensitivity.csv
regression,AC,fs4,MLR,2,Depth,0.1393403379661638,33.12248906247274,G:\Researching\GT_GL_MLops\GLFS_MLops_2026\regression_report\permutation_sensitivity\AC\fs4\MLR_permutation_sensitivity.csv
regression,AC,fs4,MLR,3,Distance,0.013952572852379,3.3166558115317804,G:\Researching\GT_GL_MLops\GLFS_MLops_2026\regression_report\permutation_sensitivity\AC\fs4\MLR_permutation_sensitivity.csv
regression,AC,fs4,MLR,4,Ucs_class,0.0004413275367374,0.1049076435576252,G:\Researching\GT_GL_MLops\GLFS_MLops_2026\regression_report\permutation_sensitivity\AC\fs4\MLR_permutation_sensitivity.csv
regression,AC,fs4,RF,1,Depth,0.8399028151560544,60.78370971664278,G:\Researching\GT_GL_MLops\GLFS_MLops_2026\regression_report\permutation_sensitivity\AC\fs4\RF_permutation_sensitivity.csv
regression,AC,fs4,RF,2,Distance,0.3636950086514842,26.32058308693281,G:\Researching\GT_GL_MLops\GLFS_MLops_2026\regression_report\permutation_sensitivity\AC\fs4\RF_permutation_sensitivity.csv
regression,AC,fs4,RF,3,PI,0.1732516988159352,12.538213682241782,G:\Researching\GT_GL_MLops\GLFS_MLops_2026\regression_report\permutation_sensitivity\AC\fs4\RF_permutation_sensitivity.csv
regression,AC,fs4,RF,4,Ucs_class,0.0049398072339078,0.3574935141826325,G:\Researching\GT_GL_MLops\GLFS_MLops_2026\regression_report\permutation_sensitivity\AC\fs4\RF_permutation_sensitivity.csv
regression,AC,fs4,RIDGE,1,PI,0.1495230953358174,52.95467562722457,G:\Researching\GT_GL_MLops\GLFS_MLops_2026\regression_report\permutation_sensitivity\AC\fs4\RIDGE_permutation_sensitivity.csv
regression,AC,fs4,RIDGE,2,Depth,0.1049128569390622,37.155640042469344,G:\Researching\GT_GL_MLops\GLFS_MLops_2026\regression_report\permutation_sensitivity\AC\fs4\RIDGE_permutation_sensitivity.csv
regression,AC,fs4,RIDGE,3,Distance,0.0202370659647526,7.16710192096668,G:\Researching\GT_GL_MLops\GLFS_MLops_2026\regression_report\permutation_sensitivity\AC\fs4\RIDGE_permutation_sensitivity.csv
regression,AC,fs4,RIDGE,4,Ucs_class,0.0076874977389529,2.7225824093394024,G:\Researching\GT_GL_MLops\GLFS_MLops_2026\regression_report\permutation_sensitivity\AC\fs4\RIDGE_permutation_sensitivity.csv
regression,AC,fs4,SVR,1,PI,0.3394532276200702,39.36596034593025,G:\Researching\GT_GL_MLops\GLFS_MLops_2026\regression_report\permutation_sensitivity\AC\fs4\SVR_permutation_sensitivity.csv
regression,AC,fs4,SVR,2,Distance,0.288549298329022,33.462696217399795,G:\Researching\GT_GL_MLops\GLFS_MLops_2026\regression_report\permutation_sensitivity\AC\fs4\SVR_permutation_sensitivity.csv
regression,AC,fs4,SVR,3,Depth,0.1605132790364342,18.61452142271488,G:\Researching\GT_GL_MLops\GLFS_MLops_2026\regression_report\permutation_sensitivity\AC\fs4\SVR_permutation_sensitivity.csv
regression,AC,fs4,SVR,4,Ucs_class,0.0737855961161076,8.556822013955074,G:\Researching\GT_GL_MLops\GLFS_MLops_2026\regression_report\permutation_sensitivity\AC\fs4\SVR_permutation_sensitivity.csv
regression,AC,fs4,XGB,1,Depth,0.8113851925538528,68.03145336044048,G:\Researching\GT_GL_MLops\GLFS_MLops_2026\regression_report\permutation_sensitivity\AC\fs4\XGB_permutation_sensitivity.csv
regression,AC,fs4,XGB,2,Distance,0.2343862923041637,19.652367654169325,G:\Researching\GT_GL_MLops\GLFS_MLops_2026\regression_report\permutation_sensitivity\AC\fs4\XGB_permutation_sensitivity.csv
regression,AC,fs4,XGB,3,PI,0.1441841283134807,12.089271397472894,G:\Researching\GT_GL_MLops\GLFS_MLops_2026\regression_report\permutation_sensitivity\AC\fs4\XGB_permutation_sensitivity.csv
regression,AC,fs4,XGB,4,Ucs_class,0.0027062402435936,0.2269075879172768,G:\Researching\GT_GL_MLops\GLFS_MLops_2026\regression_report\permutation_sensitivity\AC\fs4\XGB_permutation_sensitivity.csv
classification,AC,fs1,ANN,1,PI/FF,0.2942779175142115,42.16699492416117,G:\Researching\GT_GL_MLops\GLFS_MLops_2026\classification_report\permutation_sensitivity\AC\fs1\ANN_permutation_sensitivity.csv
classification,AC,fs1,ANN,2,Depth,0.2220392594513193,31.815939182035752,G:\Researching\GT_GL_MLops\GLFS_MLops_2026\classification_report\permutation_sensitivity\AC\fs1\ANN_permutation_sensitivity.csv
classification,AC,fs1,ANN,3,Distance,0.1304882072445617,18.69761625004908,G:\Researching\GT_GL_MLops\GLFS_MLops_2026\classification_report\permutation_sensitivity\AC\fs1\ANN_permutation_sensitivity.csv
classification,AC,fs1,ANN,4,Ucs_class,0.0510814774063939,7.319449643754007,G:\Researching\GT_GL_MLops\GLFS_MLops_2026\classification_report\permutation_sensitivity\AC\fs1\ANN_permutation_sensitivity.csv
classification,AC,fs1,DT,1,Depth,0.3383485681604211,43.20228818882987,G:\Researching\GT_GL_MLops\GLFS_MLops_2026\classification_report\permutation_sensitivity\AC\fs1\DT_permutation_sensitivity.csv
classification,AC,fs1,DT,2,PI/FF,0.3114848617521596,39.77217588665643,G:\Researching\GT_GL_MLops\GLFS_MLops_2026\classification_report\permutation_sensitivity\AC\fs1\DT_permutation_sensitivity.csv
classification,AC,fs1,DT,3,Distance,0.1333393656614799,17.025535924513704,G:\Researching\GT_GL_MLops\GLFS_MLops_2026\classification_report\permutation_sensitivity\AC\fs1\DT_permutation_sensitivity.csv
classification,AC,fs1,DT,4,Ucs_class,0.0,0.0,G:\Researching\GT_GL_MLops\GLFS_MLops_2026\classification_report\permutation_sensitivity\AC\fs1\DT_permutation_sensitivity.csv
classification,AC,fs1,ET,1,Depth,0.327834342503965,35.52240067701042,G:\Researching\GT_GL_MLops\GLFS_MLops_2026\classification_report\permutation_sensitivity\AC\fs1\ET_permutation_sensitivity.csv
classification,AC,fs1,ET,2,PI/FF,0.2954066194549497,32.008703599419114,G:\Researching\GT_GL_MLops\GLFS_MLops_2026\classification_report\permutation_sensitivity\AC\fs1\ET_permutation_sensitivity.csv
classification,AC,fs1,ET,3,Distance,0.1901794558226478,20.606843013056785,G:\Researching\GT_GL_MLops\GLFS_MLops_2026\classification_report\permutation_sensitivity\AC\fs1\ET_permutation_sensitivity.csv
classification,AC,fs1,ET,4,Ucs_class,0.1094742522178517,11.862052710513671,G:\Researching\GT_GL_MLops\GLFS_MLops_2026\classification_report\permutation_sensitivity\AC\fs1\ET_permutation_sensitivity.csv
classification,AC,fs1,GBC,1,Depth,0.3348277864618599,54.20349487924189,G:\Researching\GT_GL_MLops\GLFS_MLops_2026\classification_report\permutation_sensitivity\AC\fs1\GBC_permutation_sensitivity.csv
classification,AC,fs1,GBC,2,PI/FF,0.2002958124345044,32.4248269785218,G:\Researching\GT_GL_MLops\GLFS_MLops_2026\classification_report\permutation_sensitivity\AC\fs1\GBC_permutation_sensitivity.csv
classification,AC,fs1,GBC,3,Distance,0.0825415031675114,13.362206259947806,G:\Researching\GT_GL_MLops\GLFS_MLops_2026\classification_report\permutation_sensitivity\AC\fs1\GBC_permutation_sensitivity.csv
classification,AC,fs1,GBC,4,Ucs_class,-5.851005340798965e-05,0.0094718822884951,G:\Researching\GT_GL_MLops\GLFS_MLops_2026\classification_report\permutation_sensitivity\AC\fs1\GBC_permutation_sensitivity.csv
classification,AC,fs1,KNN,1,PI/FF,0.284305083323227,41.6154785120822,G:\Researching\GT_GL_MLops\GLFS_MLops_2026\classification_report\permutation_sensitivity\AC\fs1\KNN_permutation_sensitivity.csv
classification,AC,fs1,KNN,2,Depth,0.1693900515979748,24.79466061611608,G:\Researching\GT_GL_MLops\GLFS_MLops_2026\classification_report\permutation_sensitivity\AC\fs1\KNN_permutation_sensitivity.csv
classification,AC,fs1,KNN,3,Distance,0.1562631086415011,22.873189476208992,G:\Researching\GT_GL_MLops\GLFS_MLops_2026\classification_report\permutation_sensitivity\AC\fs1\KNN_permutation_sensitivity.csv
classification,AC,fs1,KNN,4,Ucs_class,0.0732132433173166,10.716671395592735,G:\Researching\GT_GL_MLops\GLFS_MLops_2026\classification_report\permutation_sensitivity\AC\fs1\KNN_permutation_sensitivity.csv
classification,AC,fs1,LOGREG,1,PI/FF,0.2787790049792354,50.75448645018794,G:\Researching\GT_GL_MLops\GLFS_MLops_2026\classification_report\permutation_sensitivity\AC\fs1\LOGREG_permutation_sensitivity.csv
classification,AC,fs1,LOGREG,2,Depth,0.2339727646577349,42.597065422550486,G:\Researching\GT_GL_MLops\GLFS_MLops_2026\classification_report\permutation_sensitivity\AC\fs1\LOGREG_permutation_sensitivity.csv
classification,AC,fs1,LOGREG,3,Distance,0.0195221711983027,3.554205144093639,G:\Researching\GT_GL_MLops\GLFS_MLops_2026\classification_report\permutation_sensitivity\AC\fs1\LOGREG_permutation_sensitivity.csv
classification,AC,fs1,LOGREG,4,Ucs_class,0.0169957385118678,3.0942429831679275,G:\Researching\GT_GL_MLops\GLFS_MLops_2026\classification_report\permutation_sensitivity\AC\fs1\LOGREG_permutation_sensitivity.csv
classification,AC,fs1,RF,1,Depth,0.403705460149393,44.61276207652751,G:\Researching\GT_GL_MLops\GLFS_MLops_2026\classification_report\permutation_sensitivity\AC\fs1\RF_permutation_sensitivity.csv
classification,AC,fs1,RF,2,PI/FF,0.294879896965161,32.586645421118305,G:\Researching\GT_GL_MLops\GLFS_MLops_2026\classification_report\permutation_sensitivity\AC\fs1\RF_permutation_sensitivity.csv
classification,AC,fs1,RF,3,Distance,0.1651972050696178,18.25564510014534,G:\Researching\GT_GL_MLops\GLFS_MLops_2026\classification_report\permutation_sensitivity\AC\fs1\RF_permutation_sensitivity.csv
classification,AC,fs1,RF,4,Ucs_class,0.0411276952369842,4.54494740220885,G:\Researching\GT_GL_MLops\GLFS_MLops_2026\classification_report\permutation_sensitivity\AC\fs1\RF_permutation_sensitivity.csv
classification,AC,fs1,SVC,1,PI/FF,0.284514965015128,40.52527682501204,G:\Researching\GT_GL_MLops\GLFS_MLops_2026\classification_report\permutation_sensitivity\AC\fs1\SVC_permutation_sensitivity.csv
classification,AC,fs1,SVC,2,Depth,0.2243242367967389,31.95192841355121,G:\Researching\GT_GL_MLops\GLFS_MLops_2026\classification_report\permutation_sensitivity\AC\fs1\SVC_permutation_sensitivity.csv
classification,AC,fs1,SVC,3,Distance,0.142530440152645,20.301517506714035,G:\Researching\GT_GL_MLops\GLFS_MLops_2026\classification_report\permutation_sensitivity\AC\fs1\SVC_permutation_sensitivity.csv
classification,AC,fs1,SVC,4,Ucs_class,0.0506982704735999,7.22127725472271,G:\Researching\GT_GL_MLops\GLFS_MLops_2026\classification_report\permutation_sensitivity\AC\fs1\SVC_permutation_sensitivity.csv
classification,AC,fs1,XGB,1,Depth,0.4009255172492378,46.65053312280081,G:\Researching\GT_GL_MLops\GLFS_MLops_2026\classification_report\permutation_sensitivity\AC\fs1\XGB_permutation_sensitivity.csv
classification,AC,fs1,XGB,2,PI/FF,0.2962885720585137,34.475280943843,G:\Researching\GT_GL_MLops\GLFS_MLops_2026\classification_report\permutation_sensitivity\AC\fs1\XGB_permutation_sensitivity.csv
classification,AC,fs1,XGB,3,Distance,0.1358482423418543,15.806908406638703,G:\Researching\GT_GL_MLops\GLFS_MLops_2026\classification_report\permutation_sensitivity\AC\fs1\XGB_permutation_sensitivity.csv
classification,AC,fs1,XGB,4,Ucs_class,0.0263608955059319,3.067277526717487,G:\Researching\GT_GL_MLops\GLFS_MLops_2026\classification_report\permutation_sensitivity\AC\fs1\XGB_permutation_sensitivity.csv
classification,AC,fs2,ANN,1,FF,0.1568479099337142,44.75175834810463,G:\Researching\GT_GL_MLops\GLFS_MLops_2026\classification_report\permutation_sensitivity\AC\fs2\ANN_permutation_sensitivity.csv
classification,AC,fs2,ANN,2,PI,0.1378848904242167,39.341240177999154,G:\Researching\GT_GL_MLops\GLFS_MLops_2026\classification_report\permutation_sensitivity\AC\fs2\ANN_permutation_sensitivity.csv
classification,AC,fs2,ANN,3,Depth,0.0386329205530674,11.022723386005266,G:\Researching\GT_GL_MLops\GLFS_MLops_2026\classification_report\permutation_sensitivity\AC\fs2\ANN_permutation_sensitivity.csv
classification,AC,fs2,ANN,4,Distance,0.0160325032270409,4.574384895756405,G:\Researching\GT_GL_MLops\GLFS_MLops_2026\classification_report\permutation_sensitivity\AC\fs2\ANN_permutation_sensitivity.csv
classification,AC,fs2,ANN,5,Ucs_class,0.0010861271441203,0.3098931921345547,G:\Researching\GT_GL_MLops\GLFS_MLops_2026\classification_report\permutation_sensitivity\AC\fs2\ANN_permutation_sensitivity.csv
classification,AC,fs2,DT,1,Depth,0.3438142467955408,46.496912168254255,G:\Researching\GT_GL_MLops\GLFS_MLops_2026\classification_report\permutation_sensitivity\AC\fs2\DT_permutation_sensitivity.csv
classification,AC,fs2,DT,2,PI,0.1631135078197869,22.05922098121401,G:\Researching\GT_GL_MLops\GLFS_MLops_2026\classification_report\permutation_sensitivity\AC\fs2\DT_permutation_sensitivity.csv
classification,AC,fs2,DT,3,FF,0.162844189513748,22.0227987859795,G:\Researching\GT_GL_MLops\GLFS_MLops_2026\classification_report\permutation_sensitivity\AC\fs2\DT_permutation_sensitivity.csv
classification,AC,fs2,DT,4,Distance,0.0646131965444163,8.738189742388656,G:\Researching\GT_GL_MLops\GLFS_MLops_2026\classification_report\permutation_sensitivity\AC\fs2\DT_permutation_sensitivity.csv
classification,AC,fs2,DT,5,Ucs_class,0.005049438447398,0.6828783221635751,G:\Researching\GT_GL_MLops\GLFS_MLops_2026\classification_report\permutation_sensitivity\AC\fs2\DT_permutation_sensitivity.csv
classification,AC,fs2,ET,1,Depth,0.2580057968009218,29.332810596985716,G:\Researching\GT_GL_MLops\GLFS_MLops_2026\classification_report\permutation_sensitivity\AC\fs2\ET_permutation_sensitivity.csv
classification,AC,fs2,ET,2,FF,0.1850429643327188,21.03762896949389,G:\Researching\GT_GL_MLops\GLFS_MLops_2026\classification_report\permutation_sensitivity\AC\fs2\ET_permutation_sensitivity.csv
classification,AC,fs2,ET,3,PI,0.1676712226209449,19.062626796327976,G:\Researching\GT_GL_MLops\GLFS_MLops_2026\classification_report\permutation_sensitivity\AC\fs2\ET_permutation_sensitivity.csv
classification,AC,fs2,ET,4,Distance,0.1603765262537123,18.233289046728284,G:\Researching\GT_GL_MLops\GLFS_MLops_2026\classification_report\permutation_sensitivity\AC\fs2\ET_permutation_sensitivity.csv
classification,AC,fs2,ET,5,Ucs_class,0.1084843809801533,12.333644590464138,G:\Researching\GT_GL_MLops\GLFS_MLops_2026\classification_report\permutation_sensitivity\AC\fs2\ET_permutation_sensitivity.csv
classification,AC,fs2,GBC,1,Depth,0.3354473735896086,52.169206552772486,G:\Researching\GT_GL_MLops\GLFS_MLops_2026\classification_report\permutation_sensitivity\AC\fs2\GBC_permutation_sensitivity.csv
classification,AC,fs2,GBC,2,PI,0.140283144449354,21.817014872813647,G:\Researching\GT_GL_MLops\GLFS_MLops_2026\classification_report\permutation_sensitivity\AC\fs2\GBC_permutation_sensitivity.csv
classification,AC,fs2,GBC,3,FF,0.1208692274985217,18.79773756392219,G:\Researching\GT_GL_MLops\GLFS_MLops_2026\classification_report\permutation_sensitivity\AC\fs2\GBC_permutation_sensitivity.csv
classification,AC,fs2,GBC,4,Distance,0.0463990573104795,7.216041010491676,G:\Researching\GT_GL_MLops\GLFS_MLops_2026\classification_report\permutation_sensitivity\AC\fs2\GBC_permutation_sensitivity.csv
classification,AC,fs2,GBC,5,Ucs_class,0.0,0.0,G:\Researching\GT_GL_MLops\GLFS_MLops_2026\classification_report\permutation_sensitivity\AC\fs2\GBC_permutation_sensitivity.csv
classification,AC,fs2,KNN,1,FF,0.2596237684200045,22.549758520605632,G:\Researching\GT_GL_MLops\GLFS_MLops_2026\classification_report\permutation_sensitivity\AC\fs2\KNN_permutation_sensitivity.csv
classification,AC,fs2,KNN,2,Distance,0.2563410120351611,22.264632993729983,G:\Researching\GT_GL_MLops\GLFS_MLops_2026\classification_report\permutation_sensitivity\AC\fs2\KNN_permutation_sensitivity.csv
classification,AC,fs2,KNN,3,PI,0.2426919123534735,21.079133284982923,G:\Researching\GT_GL_MLops\GLFS_MLops_2026\classification_report\permutation_sensitivity\AC\fs2\KNN_permutation_sensitivity.csv
classification,AC,fs2,KNN,4,Depth,0.2330533219274927,20.24196846025364,G:\Researching\GT_GL_MLops\GLFS_MLops_2026\classification_report\permutation_sensitivity\AC\fs2\KNN_permutation_sensitivity.csv
classification,AC,fs2,KNN,5,Ucs_class,0.1596272298856418,13.864506740427824,G:\Researching\GT_GL_MLops\GLFS_MLops_2026\classification_report\permutation_sensitivity\AC\fs2\KNN_permutation_sensitivity.csv
classification,AC,fs2,LOGREG,1,Depth,0.213375361362653,40.901554900118256,G:\Researching\GT_GL_MLops\GLFS_MLops_2026\classification_report\permutation_sensitivity\AC\fs2\LOGREG_permutation_sensitivity.csv
classification,AC,fs2,LOGREG,2,FF,0.1545289893502428,29.621395372010443,G:\Researching\GT_GL_MLops\GLFS_MLops_2026\classification_report\permutation_sensitivity\AC\fs2\LOGREG_permutation_sensitivity.csv
classification,AC,fs2,LOGREG,3,PI,0.134847853652707,25.848752424443145,G:\Researching\GT_GL_MLops\GLFS_MLops_2026\classification_report\permutation_sensitivity\AC\fs2\LOGREG_permutation_sensitivity.csv
classification,AC,fs2,LOGREG,4,Distance,0.016858755709577,3.2316257969025166,G:\Researching\GT_GL_MLops\GLFS_MLops_2026\classification_report\permutation_sensitivity\AC\fs2\LOGREG_permutation_sensitivity.csv
classification,AC,fs2,LOGREG,5,Ucs_class,-0.0020693571736787,0.3966715065256346,G:\Researching\GT_GL_MLops\GLFS_MLops_2026\classification_report\permutation_sensitivity\AC\fs2\LOGREG_permutation_sensitivity.csv
classification,AC,fs2,RF,1,Depth,0.4091745082333762,44.197646195368144,G:\Researching\GT_GL_MLops\GLFS_MLops_2026\classification_report\permutation_sensitivity\AC\fs2\RF_permutation_sensitivity.csv
classification,AC,fs2,RF,2,PI,0.2161273121524082,23.34534112819116,G:\Researching\GT_GL_MLops\GLFS_MLops_2026\classification_report\permutation_sensitivity\AC\fs2\RF_permutation_sensitivity.csv
classification,AC,fs2,RF,3,FF,0.1727764084133339,18.66272315675033,G:\Researching\GT_GL_MLops\GLFS_MLops_2026\classification_report\permutation_sensitivity\AC\fs2\RF_permutation_sensitivity.csv
classification,AC,fs2,RF,4,Distance,0.1055530379099139,11.40148208286676,G:\Researching\GT_GL_MLops\GLFS_MLops_2026\classification_report\permutation_sensitivity\AC\fs2\RF_permutation_sensitivity.csv
classification,AC,fs2,RF,5,Ucs_class,0.0221522160237137,2.392807436823608,G:\Researching\GT_GL_MLops\GLFS_MLops_2026\classification_report\permutation_sensitivity\AC\fs2\RF_permutation_sensitivity.csv
classification,AC,fs2,SVC,1,Depth,0.2754331796997349,41.32243251218736,G:\Researching\GT_GL_MLops\GLFS_MLops_2026\classification_report\permutation_sensitivity\AC\fs2\SVC_permutation_sensitivity.csv
classification,AC,fs2,SVC,2,FF,0.1945124439281784,29.182131745220943,G:\Researching\GT_GL_MLops\GLFS_MLops_2026\classification_report\permutation_sensitivity\AC\fs2\SVC_permutation_sensitivity.csv
classification,AC,fs2,SVC,3,PI,0.1514317418214089,22.71886030012735,G:\Researching\GT_GL_MLops\GLFS_MLops_2026\classification_report\permutation_sensitivity\AC\fs2\SVC_permutation_sensitivity.csv
classification,AC,fs2,SVC,4,Distance,0.0437533116372558,6.56418108118346,G:\Researching\GT_GL_MLops\GLFS_MLops_2026\classification_report\permutation_sensitivity\AC\fs2\SVC_permutation_sensitivity.csv
classification,AC,fs2,SVC,5,Ucs_class,0.0014157069349833,0.2123943612808803,G:\Researching\GT_GL_MLops\GLFS_MLops_2026\classification_report\permutation_sensitivity\AC\fs2\SVC_permutation_sensitivity.csv
classification,AC,fs2,XGB,1,Depth,0.3589321028720787,50.862840240247856,G:\Researching\GT_GL_MLops\GLFS_MLops_2026\classification_report\permutation_sensitivity\AC\fs2\XGB_permutation_sensitivity.csv
classification,AC,fs2,XGB,2,PI,0.1421929124577318,20.14959189150803,G:\Researching\GT_GL_MLops\GLFS_MLops_2026\classification_report\permutation_sensitivity\AC\fs2\XGB_permutation_sensitivity.csv
classification,AC,fs2,XGB,3,FF,0.1102180886150595,15.61856682073156,G:\Researching\GT_GL_MLops\GLFS_MLops_2026\classification_report\permutation_sensitivity\AC\fs2\XGB_permutation_sensitivity.csv
classification,AC,fs2,XGB,4,Distance,0.0897169497533875,12.713431999074247,G:\Researching\GT_GL_MLops\GLFS_MLops_2026\classification_report\permutation_sensitivity\AC\fs2\XGB_permutation_sensitivity.csv
classification,AC,fs2,XGB,5,Ucs_class,0.0046262610586109,0.6555690484383017,G:\Researching\GT_GL_MLops\GLFS_MLops_2026\classification_report\permutation_sensitivity\AC\fs2\XGB_permutation_sensitivity.csv
classification,AC,fs3,ANN,1,Depth,0.2047543429264781,26.18587166787202,G:\Researching\GT_GL_MLops\GLFS_MLops_2026\classification_report\permutation_sensitivity\AC\fs3\ANN_permutation_sensitivity.csv
classification,AC,fs3,ANN,2,LL,0.1917895973679371,24.52782056844079,G:\Researching\GT_GL_MLops\GLFS_MLops_2026\classification_report\permutation_sensitivity\AC\fs3\ANN_permutation_sensitivity.csv
classification,AC,fs3,ANN,3,FF,0.149654381346822,19.13918097400167,G:\Researching\GT_GL_MLops\GLFS_MLops_2026\classification_report\permutation_sensitivity\AC\fs3\ANN_permutation_sensitivity.csv
classification,AC,fs3,ANN,4,PL,0.0939079066768208,12.009808230151757,G:\Researching\GT_GL_MLops\GLFS_MLops_2026\classification_report\permutation_sensitivity\AC\fs3\ANN_permutation_sensitivity.csv
classification,AC,fs3,ANN,5,Distance,0.0899844960170751,11.508046330657637,G:\Researching\GT_GL_MLops\GLFS_MLops_2026\classification_report\permutation_sensitivity\AC\fs3\ANN_permutation_sensitivity.csv
classification,AC,fs3,DT,1,Depth,0.3239328550322046,47.75674677901398,G:\Researching\GT_GL_MLops\GLFS_MLops_2026\classification_report\permutation_sensitivity\AC\fs3\DT_permutation_sensitivity.csv
classification,AC,fs3,DT,2,FF,0.1696534830504046,25.011659991730152,G:\Researching\GT_GL_MLops\GLFS_MLops_2026\classification_report\permutation_sensitivity\AC\fs3\DT_permutation_sensitivity.csv
classification,AC,fs3,DT,3,LL,0.1293771620139945,19.073805788164147,G:\Researching\GT_GL_MLops\GLFS_MLops_2026\classification_report\permutation_sensitivity\AC\fs3\DT_permutation_sensitivity.csv
classification,AC,fs3,DT,4,Distance,0.055334074340674,8.157787441091727,G:\Researching\GT_GL_MLops\GLFS_MLops_2026\classification_report\permutation_sensitivity\AC\fs3\DT_permutation_sensitivity.csv
classification,AC,fs3,DT,5,Ucs_class,0.0,0.0,G:\Researching\GT_GL_MLops\GLFS_MLops_2026\classification_report\permutation_sensitivity\AC\fs3\DT_permutation_sensitivity.csv
classification,AC,fs3,ET,1,Depth,0.1639015061943977,38.92528272919784,G:\Researching\GT_GL_MLops\GLFS_MLops_2026\classification_report\permutation_sensitivity\AC\fs3\ET_permutation_sensitivity.csv
classification,AC,fs3,ET,2,FF,0.1012045069578561,24.03525225772619,G:\Researching\GT_GL_MLops\GLFS_MLops_2026\classification_report\permutation_sensitivity\AC\fs3\ET_permutation_sensitivity.csv
classification,AC,fs3,ET,3,Distance,0.0689373005940292,16.372051596814476,G:\Researching\GT_GL_MLops\GLFS_MLops_2026\classification_report\permutation_sensitivity\AC\fs3\ET_permutation_sensitivity.csv
classification,AC,fs3,ET,4,Ucs_class,0.0650203388284068,15.441804842489516,G:\Researching\GT_GL_MLops\GLFS_MLops_2026\classification_report\permutation_sensitivity\AC\fs3\ET_permutation_sensitivity.csv
classification,AC,fs3,ET,5,PL,0.0110933425538267,2.6345791771272182,G:\Researching\GT_GL_MLops\GLFS_MLops_2026\classification_report\permutation_sensitivity\AC\fs3\ET_permutation_sensitivity.csv
classification,AC,fs3,GBC,1,Depth,0.3547436512189446,50.9024941236618,G:\Researching\GT_GL_MLops\GLFS_MLops_2026\classification_report\permutation_sensitivity\AC\fs3\GBC_permutation_sensitivity.csv
classification,AC,fs3,GBC,2,LL,0.1521779575012327,21.836155660123268,G:\Researching\GT_GL_MLops\GLFS_MLops_2026\classification_report\permutation_sensitivity\AC\fs3\GBC_permutation_sensitivity.csv
classification,AC,fs3,GBC,3,FF,0.1142119270173284,16.388374883877777,G:\Researching\GT_GL_MLops\GLFS_MLops_2026\classification_report\permutation_sensitivity\AC\fs3\GBC_permutation_sensitivity.csv
classification,AC,fs3,GBC,4,Distance,0.0467046119687983,6.701687903703638,G:\Researching\GT_GL_MLops\GLFS_MLops_2026\classification_report\permutation_sensitivity\AC\fs3\GBC_permutation_sensitivity.csv
classification,AC,fs3,GBC,5,PL,0.0290700437806108,4.171287428633509,G:\Researching\GT_GL_MLops\GLFS_MLops_2026\classification_report\permutation_sensitivity\AC\fs3\GBC_permutation_sensitivity.csv
classification,AC,fs3,KNN,1,FF,0.2875089901251801,18.673354506550982,G:\Researching\GT_GL_MLops\GLFS_MLops_2026\classification_report\permutation_sensitivity\AC\fs3\KNN_permutation_sensitivity.csv
classification,AC,fs3,KNN,2,Distance,0.2701156466971639,17.54367829105552,G:\Researching\GT_GL_MLops\GLFS_MLops_2026\classification_report\permutation_sensitivity\AC\fs3\KNN_permutation_sensitivity.csv
classification,AC,fs3,KNN,3,Depth,0.2613458391784652,16.974090102945038,G:\Researching\GT_GL_MLops\GLFS_MLops_2026\classification_report\permutation_sensitivity\AC\fs3\KNN_permutation_sensitivity.csv
classification,AC,fs3,KNN,4,LL,0.2514966364031889,16.334396523451876,G:\Researching\GT_GL_MLops\GLFS_MLops_2026\classification_report\permutation_sensitivity\AC\fs3\KNN_permutation_sensitivity.csv
classification,AC,fs3,KNN,5,PL,0.2466230971630999,16.017866157246125,G:\Researching\GT_GL_MLops\GLFS_MLops_2026\classification_report\permutation_sensitivity\AC\fs3\KNN_permutation_sensitivity.csv
classification,AC,fs3,LOGREG,1,Depth,0.2144261903029183,36.23148997201061,G:\Researching\GT_GL_MLops\GLFS_MLops_2026\classification_report\permutation_sensitivity\AC\fs3\LOGREG_permutation_sensitivity.csv
classification,AC,fs3,LOGREG,2,LL,0.1783184222899806,30.13037782323671,G:\Researching\GT_GL_MLops\GLFS_MLops_2026\classification_report\permutation_sensitivity\AC\fs3\LOGREG_permutation_sensitivity.csv
classification,AC,fs3,LOGREG,3,FF,0.1595676577391593,26.962070179329626,G:\Researching\GT_GL_MLops\GLFS_MLops_2026\classification_report\permutation_sensitivity\AC\fs3\LOGREG_permutation_sensitivity.csv
classification,AC,fs3,LOGREG,4,Distance,0.0199510243675528,3.3711149663348348,G:\Researching\GT_GL_MLops\GLFS_MLops_2026\classification_report\permutation_sensitivity\AC\fs3\LOGREG_permutation_sensitivity.csv
classification,AC,fs3,LOGREG,5,PL,0.0145814362384476,2.463818249554737,G:\Researching\GT_GL_MLops\GLFS_MLops_2026\classification_report\permutation_sensitivity\AC\fs3\LOGREG_permutation_sensitivity.csv
classification,AC,fs3,RF,1,Depth,0.313118420448518,57.41607215547431,G:\Researching\GT_GL_MLops\GLFS_MLops_2026\classification_report\permutation_sensitivity\AC\fs3\RF_permutation_sensitivity.csv
classification,AC,fs3,RF,2,FF,0.0980193828263258,17.973672545134423,G:\Researching\GT_GL_MLops\GLFS_MLops_2026\classification_report\permutation_sensitivity\AC\fs3\RF_permutation_sensitivity.csv
classification,AC,fs3,RF,3,LL,0.0697843296488283,12.79625165679867,G:\Researching\GT_GL_MLops\GLFS_MLops_2026\classification_report\permutation_sensitivity\AC\fs3\RF_permutation_sensitivity.csv
classification,AC,fs3,RF,4,Distance,0.0417248265826915,7.651021138631355,G:\Researching\GT_GL_MLops\GLFS_MLops_2026\classification_report\permutation_sensitivity\AC\fs3\RF_permutation_sensitivity.csv
classification,AC,fs3,RF,5,Ucs_class,0.0136076915947119,2.495222738260721,G:\Researching\GT_GL_MLops\GLFS_MLops_2026\classification_report\permutation_sensitivity\AC\fs3\RF_permutation_sensitivity.csv
classification,AC,fs3,SVC,1,Depth,0.2093803510831484,32.717239626496934,G:\Researching\GT_GL_MLops\GLFS_MLops_2026\classification_report\permutation_sensitivity\AC\fs3\SVC_permutation_sensitivity.csv
classification,AC,fs3,SVC,2,FF,0.183711533549464,28.70629566812677,G:\Researching\GT_GL_MLops\GLFS_MLops_2026\classification_report\permutation_sensitivity\AC\fs3\SVC_permutation_sensitivity.csv
classification,AC,fs3,SVC,3,LL,0.1778263232020657,27.786687709729076,G:\Researching\GT_GL_MLops\GLFS_MLops_2026\classification_report\permutation_sensitivity\AC\fs3\SVC_permutation_sensitivity.csv
classification,AC,fs3,SVC,4,Distance,0.0366391955882344,5.725147252744456,G:\Researching\GT_GL_MLops\GLFS_MLops_2026\classification_report\permutation_sensitivity\AC\fs3\SVC_permutation_sensitivity.csv
classification,AC,fs3,SVC,5,PL,0.0297701347900981,4.651805332268092,G:\Researching\GT_GL_MLops\GLFS_MLops_2026\classification_report\permutation_sensitivity\AC\fs3\SVC_permutation_sensitivity.csv
classification,AC,fs3,XGB,1,Depth,0.3532074020798418,44.92071208709113,G:\Researching\GT_GL_MLops\GLFS_MLops_2026\classification_report\permutation_sensitivity\AC\fs3\XGB_permutation_sensitivity.csv
classification,AC,fs3,XGB,2,LL,0.1466547762679167,18.651469199500767,G:\Researching\GT_GL_MLops\GLFS_MLops_2026\classification_report\permutation_sensitivity\AC\fs3\XGB_permutation_sensitivity.csv
classification,AC,fs3,XGB,3,FF,0.1322873213634847,16.82422463614826,G:\Researching\GT_GL_MLops\GLFS_MLops_2026\classification_report\permutation_sensitivity\AC\fs3\XGB_permutation_sensitivity.csv
classification,AC,fs3,XGB,4,Distance,0.1065630319571245,13.552624462245602,G:\Researching\GT_GL_MLops\GLFS_MLops_2026\classification_report\permutation_sensitivity\AC\fs3\XGB_permutation_sensitivity.csv
classification,AC,fs3,XGB,5,PL,0.0346752613115243,4.409979577855888,G:\Researching\GT_GL_MLops\GLFS_MLops_2026\classification_report\permutation_sensitivity\AC\fs3\XGB_permutation_sensitivity.csv
classification,AC,fs4,ANN,1,Depth,0.2560176054317711,36.789371201459765,G:\Researching\GT_GL_MLops\GLFS_MLops_2026\classification_report\permutation_sensitivity\AC\fs4\ANN_permutation_sensitivity.csv
classification,AC,fs4,ANN,2,PI,0.2331104834030137,33.497649860453464,G:\Researching\GT_GL_MLops\GLFS_MLops_2026\classification_report\permutation_sensitivity\AC\fs4\ANN_permutation_sensitivity.csv
classification,AC,fs4,ANN,3,Distance,0.1716289393067819,24.66283811389185,G:\Researching\GT_GL_MLops\GLFS_MLops_2026\classification_report\permutation_sensitivity\AC\fs4\ANN_permutation_sensitivity.csv
classification,AC,fs4,ANN,4,Ucs_class,0.035143980956443,5.050140824194922,G:\Researching\GT_GL_MLops\GLFS_MLops_2026\classification_report\permutation_sensitivity\AC\fs4\ANN_permutation_sensitivity.csv
classification,AC,fs4,DT,1,Depth,0.3362166088489515,53.312636390305855,G:\Researching\GT_GL_MLops\GLFS_MLops_2026\classification_report\permutation_sensitivity\AC\fs4\DT_permutation_sensitivity.csv
classification,AC,fs4,DT,2,Distance,0.1488492175621048,23.60247532100695,G:\Researching\GT_GL_MLops\GLFS_MLops_2026\classification_report\permutation_sensitivity\AC\fs4\DT_permutation_sensitivity.csv
classification,AC,fs4,DT,3,PI,0.1455850504044967,23.0848882886872,G:\Researching\GT_GL_MLops\GLFS_MLops_2026\classification_report\permutation_sensitivity\AC\fs4\DT_permutation_sensitivity.csv
classification,AC,fs4,DT,4,Ucs_class,0.0,0.0,G:\Researching\GT_GL_MLops\GLFS_MLops_2026\classification_report\permutation_sensitivity\AC\fs4\DT_permutation_sensitivity.csv
classification,AC,fs4,ET,1,Depth,0.3832219770562289,34.82513234587963,G:\Researching\GT_GL_MLops\GLFS_MLops_2026\classification_report\permutation_sensitivity\AC\fs4\ET_permutation_sensitivity.csv
classification,AC,fs4,ET,2,Distance,0.3288683793373222,29.885772529994405,G:\Researching\GT_GL_MLops\GLFS_MLops_2026\classification_report\permutation_sensitivity\AC\fs4\ET_permutation_sensitivity.csv
classification,AC,fs4,ET,3,PI,0.2611304503146499,23.73011736331737,G:\Researching\GT_GL_MLops\GLFS_MLops_2026\classification_report\permutation_sensitivity\AC\fs4\ET_permutation_sensitivity.csv
classification,AC,fs4,ET,4,Ucs_class,0.1271970560298574,11.5589777608086,G:\Researching\GT_GL_MLops\GLFS_MLops_2026\classification_report\permutation_sensitivity\AC\fs4\ET_permutation_sensitivity.csv
classification,AC,fs4,GBC,1,Depth,0.3666383401437605,52.34226470741182,G:\Researching\GT_GL_MLops\GLFS_MLops_2026\classification_report\permutation_sensitivity\AC\fs4\GBC_permutation_sensitivity.csv
classification,AC,fs4,GBC,2,PI,0.1730390514934742,24.703515280042737,G:\Researching\GT_GL_MLops\GLFS_MLops_2026\classification_report\permutation_sensitivity\AC\fs4\GBC_permutation_sensitivity.csv
classification,AC,fs4,GBC,3,Distance,0.1598211290645147,22.81648951403213,G:\Researching\GT_GL_MLops\GLFS_MLops_2026\classification_report\permutation_sensitivity\AC\fs4\GBC_permutation_sensitivity.csv
classification,AC,fs4,GBC,4,Ucs_class,0.0009647515567843,0.1377304985133101,G:\Researching\GT_GL_MLops\GLFS_MLops_2026\classification_report\permutation_sensitivity\AC\fs4\GBC_permutation_sensitivity.csv
classification,AC,fs4,KNN,1,PI,0.2700814794139016,33.14789631166172,G:\Researching\GT_GL_MLops\GLFS_MLops_2026\classification_report\permutation_sensitivity\AC\fs4\KNN_permutation_sensitivity.csv
classification,AC,fs4,KNN,2,Depth,0.2287463364722349,28.07471234054505,G:\Researching\GT_GL_MLops\GLFS_MLops_2026\classification_report\permutation_sensitivity\AC\fs4\KNN_permutation_sensitivity.csv
classification,AC,fs4,KNN,3,Distance,0.2124753933950711,26.07773152133003,G:\Researching\GT_GL_MLops\GLFS_MLops_2026\classification_report\permutation_sensitivity\AC\fs4\KNN_permutation_sensitivity.csv
classification,AC,fs4,KNN,4,Ucs_class,0.1034739243098752,12.699659826463208,G:\Researching\GT_GL_MLops\GLFS_MLops_2026\classification_report\permutation_sensitivity\AC\fs4\KNN_permutation_sensitivity.csv
classification,AC,fs4,LOGREG,1,Depth,0.250326922143373,60.992332598540216,G:\Researching\GT_GL_MLops\GLFS_MLops_2026\classification_report\permutation_sensitivity\AC\fs4\LOGREG_permutation_sensitivity.csv
classification,AC,fs4,LOGREG,2,PI,0.124808965429855,30.40979318404068,G:\Researching\GT_GL_MLops\GLFS_MLops_2026\classification_report\permutation_sensitivity\AC\fs4\LOGREG_permutation_sensitivity.csv
classification,AC,fs4,LOGREG,3,Distance,0.0244108629655236,5.947724121170884,G:\Researching\GT_GL_MLops\GLFS_MLops_2026\classification_report\permutation_sensitivity\AC\fs4\LOGREG_permutation_sensitivity.csv
classification,AC,fs4,LOGREG,4,Ucs_class,0.0108768412118027,2.650150096248219,G:\Researching\GT_GL_MLops\GLFS_MLops_2026\classification_report\permutation_sensitivity\AC\fs4\LOGREG_permutation_sensitivity.csv
classification,AC,fs4,RF,1,Depth,0.4454494832078736,43.96023000293324,G:\Researching\GT_GL_MLops\GLFS_MLops_2026\classification_report\permutation_sensitivity\AC\fs4\RF_permutation_sensitivity.csv
classification,AC,fs4,RF,2,Distance,0.2762228125470797,27.25969796660459,G:\Researching\GT_GL_MLops\GLFS_MLops_2026\classification_report\permutation_sensitivity\AC\fs4\RF_permutation_sensitivity.csv
classification,AC,fs4,RF,3,PI,0.2606493310066805,25.72279231002556,G:\Researching\GT_GL_MLops\GLFS_MLops_2026\classification_report\permutation_sensitivity\AC\fs4\RF_permutation_sensitivity.csv
classification,AC,fs4,RF,4,Ucs_class,0.0309794482740316,3.0572797204366178,G:\Researching\GT_GL_MLops\GLFS_MLops_2026\classification_report\permutation_sensitivity\AC\fs4\RF_permutation_sensitivity.csv
classification,AC,fs4,SVC,1,Depth,0.2119230934563255,36.21409547586106,G:\Researching\GT_GL_MLops\GLFS_MLops_2026\classification_report\permutation_sensitivity\AC\fs4\SVC_permutation_sensitivity.csv
classification,AC,fs4,SVC,2,PI,0.1790293986563101,30.59311578641968,G:\Researching\GT_GL_MLops\GLFS_MLops_2026\classification_report\permutation_sensitivity\AC\fs4\SVC_permutation_sensitivity.csv
classification,AC,fs4,SVC,3,Distance,0.1703201867250289,29.10485781861153,G:\Researching\GT_GL_MLops\GLFS_MLops_2026\classification_report\permutation_sensitivity\AC\fs4\SVC_permutation_sensitivity.csv
classification,AC,fs4,SVC,4,Ucs_class,0.0239223693103291,4.087930919107714,G:\Researching\GT_GL_MLops\GLFS_MLops_2026\classification_report\permutation_sensitivity\AC\fs4\SVC_permutation_sensitivity.csv
classification,AC,fs4,XGB,1,Depth,0.385991082988529,50.22561512024389,G:\Researching\GT_GL_MLops\GLFS_MLops_2026\classification_report\permutation_sensitivity\AC\fs4\XGB_permutation_sensitivity.csv
classification,AC,fs4,XGB,2,Distance,0.1961074003692504,25.51772630838278,G:\Researching\GT_GL_MLops\GLFS_MLops_2026\classification_report\permutation_sensitivity\AC\fs4\XGB_permutation_sensitivity.csv
classification,AC,fs4,XGB,3,PI,0.1789418589800099,23.28412581048674,G:\Researching\GT_GL_MLops\GLFS_MLops_2026\classification_report\permutation_sensitivity\AC\fs4\XGB_permutation_sensitivity.csv
classification,AC,fs4,XGB,4,Ucs_class,0.0074740542792304,0.9725327608865976,G:\Researching\GT_GL_MLops\GLFS_MLops_2026\classification_report\permutation_sensitivity\AC\fs4\XGB_permutation_sensitivity.csv
