statistical_rank,selection_rank,test_performance_rank,generalization_rank,model,feature_set,target,statistical_score,selection_rank_score,rank_stability,generalization_rank_score,test_rank_score,r2_train,cv_r2_mean,cv_r2_std,r2_test,mae_test,rmse_test,ioa_test,p20_test,train_cv_gap,cv_test_gap,abs_train_cv_gap,abs_cv_test_gap,possible_overfitting,possible_underfitting,high_cv_instability,stable_generalization,generalization_diagnosis,rank_cv_r2,rank_cv_stability,rank_train_cv_gap,rank_test_r2,rank_test_rmse,rank_test_mae,equal_score,equal_rank,performance_focused_score,performance_focused_rank,stability_focused_score,stability_focused_rank,sensitivity_mean_rank,sensitivity_median_rank,sensitivity_min_rank,sensitivity_max_rank,sensitivity_rank_range,sensitivity_rank_sd,first_place_count,first_place_rate,weight_sensitivity_diagnosis,mc_mean_rank,mc_median_rank,mc_min_rank,mc_max_rank,mc_rank_range,mc_rank_sd,mc_first_place_count,mc_first_place_rate,mc_top3_count,mc_top3_rate,mc_weight_sensitivity_diagnosis,robustness_rank_score,robustness_rank,recommended_rank_score,recommended_rank,file
1,1,16,3,DT,fs3,AC,1.000000,2.200000,0.831926,2.600000,16.800000,0.809115,0.609673,0.182768,0.500126,0.154972,0.200460,0.864946,54.666667,0.199442,0.109547,0.199442,0.109547,False,False,False,False,Moderate generalization,2.000000,2.000000,3.000000,16.000000,16.000000,20.000000,2.333333,1,2.150000,1,2.300000,1,1.000000,1.000000,1.000000,1.000000,0.000000,0.000000,3,1.000000,Highly robust,1.003000,1.000000,1,2,1,0.054717,997,0.997000,1000,1.000000,Highly robust,1.100000,1,1.000000,1,DT_fs3_AC.pkl
2,2,7,8,DT,fs2,AC,0.897778,6.800000,0.507807,13.600000,6.800000,0.875547,0.614307,0.324940,0.669072,0.123193,0.163104,0.910957,66.666667,0.261240,-0.054765,0.261240,0.054765,True,False,True,False,Overfitting with high CV instability,1.000000,25.000000,6.000000,7.000000,7.000000,6.000000,10.666667,4,5.350000,2,9.700000,3,3.000000,3.000000,2.000000,4.000000,2.000000,1.000000,0,0.000000,Weight-sensitive,3.559000,2.000000,1,12,11,2.408385,3,0.003000,637,0.637000,Unstable selection,4.500000,2,2.000000,2,DT_fs2_AC.pkl
3,3,6,5,GBR,fs3,AC,0.893333,7.000000,0.712656,9.200000,6.600000,0.868551,0.567685,0.187318,0.710467,0.128278,0.152562,0.901230,58.666667,0.300867,-0.142783,0.300867,0.142783,True,False,False,False,Possible overfitting,6.000000,5.000000,12.000000,6.000000,6.000000,9.000000,7.666667,2,6.750000,3,7.500000,2,2.333333,2.000000,2.000000,3.000000,1.000000,0.577350,0,0.000000,Weight-sensitive,2.888000,3.000000,2,5,3,0.758968,0,0.000000,848,0.848000,Weight-sensitive,8.925000,3,3.000000,3,GBR_fs3_AC.pkl
4,4,2,10,GBR,fs2,AC,0.875556,7.800000,0.619674,14.600000,2.000000,0.914765,0.581105,0.208085,0.756142,0.109721,0.140012,0.928741,77.333333,0.333660,-0.175037,0.333660,0.175037,True,False,True,False,Overfitting with high CV instability,4.000000,8.000000,19.000000,2.000000,2.000000,2.000000,10.333333,3,6.850000,4,9.700000,3,3.333333,3.000000,3.000000,4.000000,1.000000,0.577350,0,0.000000,Weight-sensitive,3.392000,4.000000,2,4,2,0.697727,0,0.000000,484,0.484000,Weight-sensitive,9.475000,4,4.000000,4,GBR_fs2_AC.pkl
5,5,4,16,XGB,fs2,AC,0.840000,9.400000,0.603105,20.200000,4.000000,0.983019,0.608251,0.238231,0.735957,0.115142,0.145692,0.927067,70.666667,0.374767,-0.127706,0.374767,0.127706,True,False,True,False,Overfitting with high CV instability,3.000000,13.000000,25.000000,4.000000,4.000000,4.000000,13.666667,5,7.800000,5,12.600000,5,5.000000,5.000000,5.000000,5.000000,0.000000,0.000000,0,0.000000,Weight-sensitive,4.767000,5.000000,3,7,4,0.570119,0,0.000000,29,0.029000,Weight-sensitive,9.925000,5,5.000000,5,XGB_fs2_AC.pkl
6,6,1,13,RF,fs2,AC,0.804444,11.000000,0.686672,18.000000,1.000000,0.899762,0.553628,0.234542,0.762366,0.109552,0.138214,0.933087,70.666667,0.346134,-0.208738,0.346134,0.208738,True,False,True,False,Overfitting with high CV instability,7.000000,12.000000,22.000000,1.000000,1.000000,1.000000,13.666667,6,10.000000,7,13.000000,6,6.333333,6.000000,6.000000,7.000000,1.000000,0.577350,0,0.000000,Weight-sensitive,6.607000,6.000000,6,9,3,0.742363,0,0.000000,0,0.000000,Weight-sensitive,15.275000,7,6.400000,6,RF_fs2_AC.pkl
7,7,5,25,XGB,fs3,AC,0.791111,11.600000,0.617773,23.000000,5.000000,0.983601,0.579870,0.244734,0.722289,0.117673,0.149415,0.921503,66.666667,0.403731,-0.142419,0.403731,0.142419,True,False,True,False,Overfitting with high CV instability,5.000000,14.000000,29.000000,5.000000,5.000000,5.000000,16.000000,10,9.950000,6,14.900000,8,8.000000,8.000000,6.000000,10.000000,4.000000,2.000000,0,0.000000,Unstable selection,7.094000,7.000000,5,10,5,1.009050,0,0.000000,0,0.000000,Weight-sensitive,15.925000,8,7.400000,7,XGB_fs3_AC.pkl
8,8,3,23,RF,fs3,AC,0.751111,13.400000,0.698196,22.400000,3.000000,0.910171,0.532427,0.269629,0.743647,0.112286,0.143554,0.921486,65.333333,0.377743,-0.211220,0.377743,0.211220,True,False,True,False,Overfitting with high CV instability,8.000000,17.000000,26.000000,3.000000,3.000000,3.000000,17.000000,16,12.050000,8,16.100000,13,12.333333,13.000000,8.000000,16.000000,8.000000,4.041452,0,0.000000,Unstable selection,9.932000,10.000000,8,13,5,1.349517,0,0.000000,0,0.000000,Weight-sensitive,17.675000,9,8.700000,9,RF_fs3_AC.pkl
8,8,14,12,GBR,fs1,AC,0.751111,13.400000,0.893989,15.400000,14.000000,0.767816,0.456643,0.267460,0.527849,0.132838,0.194822,0.850885,66.666667,0.311172,-0.071206,0.311172,0.071206,True,False,True,False,Overfitting with high CV instability,12.000000,16.000000,15.000000,15.000000,15.000000,10.000000,14.333333,7,13.050000,11,14.100000,7,8.333333,7.000000,7.000000,11.000000,4.000000,2.309401,0,0.000000,Unstable selection,10.177000,10.000000,6,13,7,2.410702,0,0.000000,0,0.000000,Unstable selection,18.975000,12,9.900000,10,GBR_fs1_AC.pkl
10,10,11,22,XGB,fs4,AC,0.751111,13.400000,0.513551,22.000000,11.200000,0.922687,0.488902,0.133358,0.556406,0.141599,0.188838,0.830683,62.666667,0.433785,-0.067504,0.433785,0.067504,True,False,False,False,Possible overfitting,10.000000,1.000000,36.000000,11.000000,11.000000,12.000000,15.666667,9,12.550000,9,15.100000,9,9.000000,9.000000,9.000000,9.000000,0.000000,0.000000,0,0.000000,Weight-sensitive,10.021000,9.000000,3,21,18,4.043131,0,0.000000,2,0.002000,Unstable selection,15.175000,6,8.400000,8,XGB_fs4_AC.pkl
11,11,9,26,XGB,fs1,AC,0.742222,13.800000,0.600416,23.400000,9.400000,0.909492,0.500259,0.208415,0.560070,0.123978,0.188057,0.862788,74.666667,0.409233,-0.059812,0.409233,0.059812,True,False,True,False,Overfitting with high CV instability,9.000000,9.000000,33.000000,10.000000,10.000000,7.000000,17.000000,16,12.600000,10,16.200000,14,13.333333,14.000000,10.000000,16.000000,6.000000,3.055050,0,0.000000,Unstable selection,10.152000,10.000000,6,16,10,1.701114,0,0.000000,0,0.000000,Unstable selection,18.175000,10,10.600000,11,XGB_fs1_AC.pkl
12,12,17,20,GBR,fs4,AC,0.733333,14.200000,0.608726,21.400000,17.200000,0.892316,0.487836,0.205435,0.491325,0.146428,0.202217,0.819498,69.333333,0.404480,-0.003489,0.404480,0.003489,True,False,True,False,Overfitting with high CV instability,11.000000,7.000000,31.000000,18.000000,18.000000,14.000000,16.333333,11,13.400000,12,15.800000,11,11.333333,11.000000,11.000000,12.000000,1.000000,0.577350,0,0.000000,Weight-sensitive,11.568000,12.000000,7,18,11,1.690039,0,0.000000,0,0.000000,Unstable selection,18.875000,11,11.600000,12,GBR_fs4_AC.pkl
13,13,13,17,DT,fs1,AC,0.715556,15.000000,0.618434,20.400000,12.600000,0.845050,0.441219,0.187506,0.544869,0.139822,0.191278,0.859191,69.333333,0.403831,-0.103649,0.403831,0.103649,True,False,False,False,Possible overfitting,13.000000,6.000000,30.000000,13.000000,13.000000,11.000000,16.333333,11,14.500000,13,16.000000,12,12.000000,12.000000,11.000000,13.000000,2.000000,1.000000,0,0.000000,Weight-sensitive,13.235000,13.000000,10,19,9,1.834432,0,0.000000,0,0.000000,Unstable selection,19.925000,13,13.000000,13,DT_fs1_AC.pkl
14,14,27,7,SVR,fs1,AC,0.675556,16.800000,0.652152,11.600000,28.200000,0.507844,0.279561,0.316814,0.345399,0.173685,0.229396,0.759476,50.666667,0.228282,-0.065837,0.228282,0.065837,True,False,True,False,Overfitting with high CV instability,19.000000,23.000000,4.000000,28.000000,28.000000,29.000000,15.333333,8,17.350000,14,15.700000,10,10.666667,10.000000,8.000000,14.000000,6.000000,3.055050,0,0.000000,Unstable selection,13.089000,14.000000,5,19,14,3.237215,0,0.000000,0,0.000000,Unstable selection,21.575000,16,14.800000,15,SVR_fs1_AC.pkl
15,15,25,9,SVR,fs3,AC,0.653333,17.800000,0.861553,14.400000,26.200000,0.589652,0.278980,0.253303,0.362109,0.178143,0.226449,0.746134,46.666667,0.310672,-0.083129,0.310672,0.083129,True,False,True,False,Overfitting with high CV instability,20.000000,15.000000,14.000000,25.000000,25.000000,31.000000,16.333333,11,18.350000,15,16.700000,15,13.666667,15.000000,11.000000,15.000000,4.000000,2.309401,0,0.000000,Unstable selection,14.448000,15.000000,11,18,7,1.362039,0,0.000000,0,0.000000,Weight-sensitive,20.025000,14,14.600000,14,SVR_fs3_AC.pkl
16,16,34,24,ANN,fs3,AC,0.613333,19.600000,0.835839,22.800000,33.600000,0.654822,0.318069,0.344087,0.294217,0.167048,0.238195,0.764836,60.000000,0.336752,0.023852,0.336752,0.023852,True,False,True,False,Overfitting with high CV instability,17.000000,27.000000,20.000000,36.000000,36.000000,24.000000,21.333333,21,18.950000,16,20.900000,21,19.333333,21.000000,16.000000,21.000000,5.000000,2.886751,0,0.000000,Unstable selection,16.466000,17.000000,14,19,5,1.061117,0,0.000000,0,0.000000,Weight-sensitive,20.075000,15,15.600000,16,ANN_fs3_AC.pkl
17,17,24,11,SVR,fs2,AC,0.600000,20.200000,0.756325,14.800000,24.400000,0.552873,0.270079,0.315522,0.389746,0.176651,0.221489,0.781559,46.666667,0.282795,-0.119667,0.282795,0.119667,True,False,True,False,Overfitting with high CV instability,23.000000,22.000000,10.000000,23.000000,23.000000,30.000000,18.333333,20,20.900000,19,18.800000,17,18.666667,19.000000,17.000000,20.000000,3.000000,1.527525,0,0.000000,Unstable selection,18.091000,18.000000,11,23,12,2.614872,0,0.000000,0,0.000000,Unstable selection,22.650000,18,17.400000,17,SVR_fs2_AC.pkl
18,18,15,37,RF,fs4,AC,0.577778,21.200000,0.708288,33.600000,14.200000,0.896400,0.439262,0.324379,0.533160,0.147302,0.193723,0.825644,54.666667,0.457138,-0.093898,0.457138,0.093898,True,False,True,False,Overfitting with high CV instability,14.000000,24.000000,40.000000,14.000000,14.000000,15.000000,26.000000,24,19.400000,17,24.800000,23,21.333333,23.000000,17.000000,24.000000,7.000000,3.785939,0,0.000000,Unstable selection,18.151000,18.000000,14,29,15,3.478548,0,0.000000,0,0.000000,Unstable selection,23.450000,19,18.400000,18,RF_fs4_AC.pkl
19,19,35,6,SVR,fs4,AC,0.555556,22.200000,0.648819,10.600000,34.400000,0.480962,0.187782,0.218794,0.306073,0.180948,0.236186,0.705645,50.666667,0.293180,-0.118292,0.293180,0.118292,True,False,True,False,Overfitting with high CV instability,30.000000,10.000000,11.000000,35.000000,35.000000,32.000000,17.000000,16,24.150000,24,18.300000,16,18.666667,16.000000,16.000000,24.000000,8.000000,4.618802,0,0.000000,Unstable selection,21.051000,21.000000,16,27,11,2.740787,0,0.000000,0,0.000000,Unstable selection,24.100000,20,19.400000,20,SVR_fs4_AC.pkl
20,20,41,34,DT,fs4,AC,0.551111,22.400000,0.775557,32.400000,40.200000,0.820552,0.394218,0.359058,0.090429,0.169255,0.270405,0.700957,54.666667,0.426335,0.303788,0.426335,0.303788,True,False,True,False,Overfitting with high CV instability,16.000000,30.000000,34.000000,44.000000,44.000000,25.000000,26.666667,27,20.800000,18,25.600000,24,23.000000,24.000000,18.000000,27.000000,9.000000,4.582576,0,0.000000,Unstable selection,20.035000,20.000000,16,27,11,1.692525,0,0.000000,0,0.000000,Unstable selection,22.125000,17,18.800000,19,DT_fs4_AC.pkl
21,21,12,19,ANN,fs2,AC,0.542222,22.800000,0.655118,21.000000,12.200000,0.549358,0.272263,0.436023,0.549143,0.145111,0.190378,0.822450,53.333333,0.277095,-0.276880,0.277095,0.276880,True,False,True,False,Overfitting with high CV instability,22.000000,39.000000,9.000000,12.000000,12.000000,13.000000,23.333333,22,22.600000,22,23.200000,22,22.000000,22.000000,22.000000,22.000000,0.000000,0.000000,0,0.000000,Weight-sensitive,21.521000,21.000000,9,32,23,5.294487,0,0.000000,0,0.000000,Unstable selection,25.900000,24,22.200000,23,ANN_fs2_AC.pkl
22,22,8,43,RF,fs1,AC,0.528889,23.400000,0.730327,37.000000,8.000000,0.907631,0.433330,0.371250,0.614523,0.124863,0.176034,0.869878,61.333333,0.474302,-0.181193,0.474302,0.181193,True,False,True,False,Overfitting with high CV instability,15.000000,31.000000,41.000000,8.000000,8.000000,8.000000,29.000000,33,21.300000,20,27.600000,30,27.666667,30.000000,20.000000,33.000000,13.000000,6.806859,0,0.000000,Unstable selection,21.936000,22.000000,15,32,17,3.441765,0,0.000000,0,0.000000,Unstable selection,25.375000,22,22.000000,21,RF_fs1_AC.pkl
23,23,19,38,ET,fs1,AC,0.515556,24.000000,0.782366,33.800000,19.000000,0.718730,0.283560,0.356341,0.460788,0.154780,0.208198,0.792358,52.000000,0.435170,-0.177227,0.435170,0.177227,True,False,True,False,Overfitting with high CV instability,18.000000,29.000000,37.000000,19.000000,19.000000,19.000000,28.000000,31,22.500000,21,27.000000,28,26.666667,28.000000,21.000000,31.000000,10.000000,5.131601,0,0.000000,Unstable selection,23.519000,23.000000,20,30,10,2.449007,0,0.000000,0,0.000000,Unstable selection,25.150000,21,22.200000,22,ET_fs1_AC.pkl
24,24,10,32,ET,fs2,AC,0.511111,24.200000,0.745413,31.000000,10.600000,0.727760,0.273919,0.290791,0.584029,0.150163,0.182864,0.858164,44.000000,0.453840,-0.310110,0.453840,0.310110,True,False,True,False,Overfitting with high CV instability,21.000000,19.000000,39.000000,9.000000,9.000000,17.000000,26.333333,25,23.400000,23,25.800000,26,24.666667,25.000000,23.000000,26.000000,3.000000,1.527525,0,0.000000,Unstable selection,23.720000,23.000000,16,33,17,4.128758,0,0.000000,0,0.000000,Unstable selection,26.550000,25,24.400000,25,ET_fs2_AC.pkl
25,25,20,30,ANN,fs1,AC,0.480000,25.600000,0.876101,27.200000,20.800000,0.625451,0.259044,0.384904,0.391844,0.148338,0.221108,0.805021,60.000000,0.366406,-0.132800,0.366406,0.132800,True,False,True,False,Overfitting with high CV instability,24.000000,32.000000,24.000000,22.000000,22.000000,16.000000,26.666667,27,25.200000,25,26.400000,27,26.333333,27.000000,25.000000,27.000000,2.000000,1.154701,0,0.000000,Weight-sensitive,25.735000,25.000000,22,31,9,2.016145,0,0.000000,0,0.000000,Unstable selection,25.525000,23,24.200000,24,ANN_fs1_AC.pkl
26,26,44,4,LASSO,fs1,AC,0.471111,26.000000,0.556368,7.400000,43.200000,0.320805,0.087358,0.227766,0.190747,0.212710,0.255058,0.651623,37.333333,0.233447,-0.103389,0.233447,0.103389,True,True,True,False,Possible underfitting,38.000000,11.000000,5.000000,43.000000,43.000000,44.000000,18.000000,19,29.000000,29,20.000000,20,22.666667,20.000000,19.000000,29.000000,10.000000,5.507571,0,0.000000,Unstable selection,26.492000,27.000000,20,34,14,3.587591,0,0.000000,0,0.000000,Unstable selection,27.600000,26,26.000000,26,LASSO_fs1_AC.pkl
27,27,28,15,EN,fs2,AC,0.440000,27.400000,0.658562,19.000000,29.000000,0.445658,0.172381,0.425821,0.351635,0.186319,0.228300,0.763965,38.666667,0.273277,-0.179254,0.273277,0.179254,True,False,True,False,Overfitting with high CV instability,31.000000,37.000000,7.000000,27.000000,27.000000,37.000000,25.000000,23,28.300000,28,25.600000,24,25.000000,24.000000,23.000000,28.000000,5.000000,2.645751,0,0.000000,Unstable selection,27.741000,29.000000,15,35,20,4.765357,0,0.000000,0,0.000000,Unstable selection,29.625000,30,28.200000,28,EN_fs2_AC.pkl
28,28,17,38,ET,fs4,AC,0.435556,27.600000,0.748102,33.800000,17.200000,0.803665,0.246121,0.295494,0.499037,0.154760,0.200678,0.794454,54.666667,0.557544,-0.252916,0.557544,0.252916,True,False,True,False,Overfitting with high CV instability,25.000000,20.000000,43.000000,17.000000,17.000000,18.000000,29.333333,34,26.950000,26,28.900000,34,31.333333,34.000000,26.000000,34.000000,8.000000,4.618802,0,0.000000,Unstable selection,28.663000,27.000000,22,39,17,4.186282,0,0.000000,0,0.000000,Unstable selection,28.000000,27,27.900000,27,ET_fs4_AC.pkl
28,28,21,34,ET,fs3,AC,0.435556,27.600000,0.741806,32.400000,21.200000,0.715315,0.230658,0.284520,0.442121,0.171562,0.211771,0.779071,44.000000,0.484657,-0.211463,0.484657,0.211463,True,False,True,False,Overfitting with high CV instability,26.000000,18.000000,42.000000,20.000000,20.000000,26.000000,28.666667,32,27.200000,27,28.400000,32,30.333333,32.000000,27.000000,32.000000,5.000000,2.886751,0,0.000000,Unstable selection,28.894000,28.000000,20,39,19,4.295721,0,0.000000,0,0.000000,Unstable selection,28.775000,28,28.300000,29,ET_fs3_AC.pkl
30,30,47,1,EN,fs4,AC,0.420000,28.300000,0.453482,2.300000,47.500000,0.000000,-0.173678,0.186740,-0.256100,0.274134,0.317767,0.392494,33.333333,0.173678,0.082421,0.173678,0.082421,False,True,False,False,Possible underfitting,45.500000,3.500000,1.500000,47.500000,47.500000,47.500000,16.833333,14,32.600000,36,19.700000,18,22.666667,18.000000,14.000000,36.000000,22.000000,11.718931,0,0.000000,Unstable selection,30.682000,31.000000,21,40,19,4.526076,0,0.000000,0,0.000000,Unstable selection,30.050000,32,31.300000,30,EN_fs4_AC.pkl
30,30,47,1,LASSO,fs4,AC,0.420000,28.300000,0.453482,2.300000,47.500000,0.000000,-0.173678,0.186740,-0.256100,0.274134,0.317767,0.392494,33.333333,0.173678,0.082421,0.173678,0.082421,False,True,False,False,Possible underfitting,45.500000,3.500000,1.500000,47.500000,47.500000,47.500000,16.833333,14,32.600000,36,19.700000,18,22.666667,18.000000,14.000000,36.000000,22.000000,11.718931,0,0.000000,Unstable selection,30.682000,31.000000,21,40,19,4.526076,0,0.000000,0,0.000000,Unstable selection,30.050000,32,31.300000,30,LASSO_fs4_AC.pkl
32,32,22,36,ANN,fs4,AC,0.391111,29.600000,0.853844,33.200000,22.200000,0.639589,0.199806,0.331052,0.414137,0.172226,0.217018,0.784094,48.000000,0.439783,-0.214331,0.439783,0.214331,True,False,True,False,Overfitting with high CV instability,28.000000,26.000000,38.000000,21.000000,21.000000,27.000000,30.666667,35,29.200000,30,30.400000,35,33.333333,35.000000,30.000000,35.000000,5.000000,2.886751,0,0.000000,Unstable selection,31.903000,32.000000,28,38,10,2.925089,0,0.000000,0,0.000000,Unstable selection,29.700000,31,31.600000,33,ANN_fs4_AC.pkl
33,33,35,21,RIDGE,fs2,AC,0.382222,30.000000,0.729341,21.800000,34.400000,0.433319,0.131389,0.405238,0.314588,0.194886,0.234732,0.738120,38.666667,0.301930,-0.183199,0.301930,0.183199,True,False,True,False,Overfitting with high CV instability,34.000000,35.000000,13.000000,33.000000,33.000000,40.000000,27.333333,29,31.000000,32,28.000000,31,30.666667,31.000000,29.000000,32.000000,3.000000,1.527525,0,0.000000,Unstable selection,31.749000,32.000000,23,36,13,2.820985,0,0.000000,0,0.000000,Unstable selection,29.600000,29,31.400000,32,RIDGE_fs2_AC.pkl
34,34,40,14,EN,fs1,AC,0.368889,30.600000,0.669128,18.400000,39.000000,0.379396,0.104348,0.395666,0.268608,0.191853,0.242478,0.692809,46.666667,0.275047,-0.164259,0.275047,0.164259,True,True,True,False,Possible underfitting,37.000000,34.000000,8.000000,39.000000,39.000000,39.000000,26.333333,25,32.200000,35,27.400000,29,29.666667,29.000000,25.000000,35.000000,10.000000,5.033223,0,0.000000,Unstable selection,33.304000,35.000000,22,39,17,3.875642,0,0.000000,0,0.000000,Unstable selection,31.750000,38,35.600000,35,EN_fs1_AC.pkl
35,35,26,41,KNN,fs4,AC,0.364444,30.800000,0.754284,36.000000,26.400000,0.999964,0.190218,0.310903,0.351861,0.173605,0.228261,0.791445,48.000000,0.809747,-0.161643,0.809747,0.161643,True,False,True,False,Overfitting with high CV instability,29.000000,21.000000,46.000000,26.000000,26.000000,28.000000,32.000000,37,30.350000,31,31.700000,37,35.000000,37.000000,31.000000,37.000000,6.000000,3.464102,0,0.000000,Unstable selection,33.719000,33.000000,26,42,16,4.705122,0,0.000000,0,0.000000,Unstable selection,31.775000,39,36.600000,37,KNN_fs4_AC.pkl
36,36,29,28,LASSO,fs2,AC,0.346667,31.600000,0.747869,27.000000,29.800000,0.471476,0.157095,0.511792,0.338231,0.182615,0.230648,0.782858,40.000000,0.314381,-0.181136,0.314381,0.181136,True,False,True,False,Overfitting with high CV instability,33.000000,42.000000,17.000000,29.000000,29.000000,33.000000,30.666667,35,31.950000,34,30.900000,36,35.000000,35.000000,34.000000,36.000000,2.000000,1.000000,0,0.000000,Weight-sensitive,34.455000,35.000000,27,39,12,3.019784,0,0.000000,0,0.000000,Unstable selection,31.150000,35,35.600000,34,LASSO_fs2_AC.pkl
37,37,42,18,EN,fs3,AC,0.333333,32.200000,0.746551,20.800000,40.600000,0.394849,0.083654,0.344713,0.249992,0.209532,0.245544,0.719296,36.000000,0.311196,-0.166338,0.311196,0.166338,True,True,True,False,Possible underfitting,39.000000,28.000000,16.000000,40.000000,40.000000,43.000000,27.666667,30,33.900000,38,28.800000,33,33.666667,33.000000,30.000000,38.000000,8.000000,4.041452,0,0.000000,Unstable selection,36.057000,36.000000,31,39,8,1.814123,0,0.000000,0,0.000000,Unstable selection,30.625000,34,35.800000,36,EN_fs3_AC.pkl
38,38,32,45,KNN,fs1,AC,0.311111,33.200000,0.831110,43.000000,31.600000,1.000000,0.220462,0.491990,0.307792,0.161353,0.235893,0.783137,57.333333,0.779538,-0.087330,0.779538,0.087330,True,False,True,False,Overfitting with high CV instability,27.000000,40.000000,45.000000,34.000000,34.000000,22.000000,37.333333,42,31.650000,33,36.300000,41,38.666667,41.000000,33.000000,42.000000,9.000000,4.932883,0,0.000000,Unstable selection,36.055000,37.000000,30,42,12,3.431873,0,0.000000,0,0.000000,Unstable selection,32.475000,40,38.800000,40,KNN_fs1_AC.pkl
39,39,33,32,MLR,fs2,AC,0.275556,34.800000,0.804038,31.000000,32.600000,0.474640,0.112452,0.547351,0.315493,0.184438,0.234577,0.784104,40.000000,0.362188,-0.203041,0.362188,0.203041,True,False,True,False,Overfitting with high CV instability,36.000000,43.000000,23.000000,32.000000,32.000000,35.000000,34.000000,40,35.100000,39,34.200000,40,39.666667,40.000000,39.000000,40.000000,1.000000,0.577350,0,0.000000,Weight-sensitive,38.595000,39.000000,34,41,7,1.916938,0,0.000000,0,0.000000,Unstable selection,31.725000,37,38.200000,38,MLR_fs2_AC.pkl
40,40,39,28,RIDGE,fs3,AC,0.262222,35.400000,0.798119,27.000000,38.800000,0.420190,0.075947,0.414541,0.285235,0.201986,0.239706,0.726470,38.666667,0.344243,-0.209288,0.344243,0.209288,True,False,True,False,Overfitting with high CV instability,40.000000,36.000000,21.000000,38.000000,38.000000,42.000000,32.333333,38,36.550000,41,33.100000,38,39.000000,38.000000,38.000000,41.000000,3.000000,1.732051,0,0.000000,Unstable selection,39.837000,40.000000,36,42,6,1.366125,0,0.000000,0,0.000000,Weight-sensitive,31.375000,36,38.400000,39,RIDGE_fs3_AC.pkl
41,41,43,27,RIDGE,fs1,AC,0.240000,36.400000,0.756780,26.000000,41.800000,0.377449,0.051261,0.434502,0.223603,0.199647,0.249827,0.668954,49.333333,0.326188,-0.172342,0.326188,0.172342,True,True,True,False,Possible underfitting,42.000000,38.000000,18.000000,42.000000,42.000000,41.000000,32.666667,39,37.800000,42,33.600000,39,40.000000,39.000000,39.000000,42.000000,3.000000,1.732051,0,0.000000,Unstable selection,41.233000,42.000000,35,43,8,1.800542,0,0.000000,0,0.000000,Unstable selection,32.775000,42,41.400000,41,RIDGE_fs1_AC.pkl
42,42,38,46,KNN,fs3,AC,0.231111,36.800000,0.866468,44.600000,37.400000,1.000000,0.167050,0.502371,0.249258,0.164323,0.245665,0.752200,58.666667,0.832950,-0.082208,0.832950,0.082208,True,False,True,False,Overfitting with high CV instability,32.000000,41.000000,47.000000,41.000000,41.000000,23.000000,40.000000,44,35.600000,40,39.200000,44,42.666667,44.000000,40.000000,44.000000,4.000000,2.309401,0,0.000000,Unstable selection,40.444000,41.000000,33,46,13,2.536000,0,0.000000,0,0.000000,Unstable selection,33.125000,44,42.800000,43,KNN_fs3_AC.pkl
43,43,30,40,LASSO,fs3,AC,0.182222,39.000000,0.829957,34.200000,31.200000,0.468804,0.074800,0.572644,0.328341,0.185393,0.232365,0.779189,38.666667,0.394004,-0.253542,0.394004,0.253542,True,False,True,False,Overfitting with high CV instability,41.000000,45.000000,27.000000,30.000000,30.000000,36.000000,37.666667,43,39.500000,44,38.000000,43,43.333333,43.000000,43.000000,44.000000,1.000000,0.577350,0,0.000000,Weight-sensitive,43.345000,44.000000,40,45,5,1.134576,0,0.000000,0,0.000000,Weight-sensitive,32.550000,41,42.200000,42,LASSO_fs3_AC.pkl
44,44,23,48,KNN,fs2,AC,0.160000,40.000000,0.880043,47.600000,23.400000,1.000000,0.129936,0.634339,0.381588,0.160525,0.222965,0.816256,57.333333,0.870064,-0.251652,0.870064,0.251652,True,False,True,False,Overfitting with high CV instability,35.000000,47.000000,48.000000,24.000000,24.000000,21.000000,43.333333,47,38.750000,43,42.500000,47,45.666667,47.000000,43.000000,47.000000,4.000000,2.309401,0,0.000000,Unstable selection,43.957000,44.000000,41,47,6,1.704716,0,0.000000,0,0.000000,Unstable selection,33.350000,46,44.800000,44,KNN_fs2_AC.pkl
45,45,45,31,RIDGE,fs4,AC,0.151111,40.400000,0.817410,30.000000,45.000000,0.211951,-0.189095,0.389212,-0.093331,0.245288,0.296465,0.522734,41.333333,0.401046,-0.095763,0.401046,0.095763,True,True,True,False,Possible underfitting,47.000000,33.000000,28.000000,45.000000,45.000000,45.000000,36.000000,41,42.050000,45,37.100000,42,42.666667,42.000000,41.000000,45.000000,4.000000,2.081666,0,0.000000,Unstable selection,44.837000,45.000000,43,47,4,1.295419,0,0.000000,0,0.000000,Weight-sensitive,33.325000,45,45.000000,46,RIDGE_fs4_AC.pkl
46,46,37,42,MLR,fs1,AC,0.124444,41.600000,0.876101,36.800000,37.200000,0.419587,0.014822,0.570441,0.288807,0.186864,0.239106,0.733988,46.666667,0.404766,-0.273985,0.404766,0.273985,True,False,True,False,Overfitting with high CV instability,44.000000,44.000000,32.000000,37.000000,37.000000,38.000000,40.000000,44,42.200000,46,40.400000,45,45.000000,45.000000,44.000000,46.000000,2.000000,1.000000,0,0.000000,Weight-sensitive,45.737000,46.000000,44,47,3,0.669537,0,0.000000,0,0.000000,Weight-sensitive,32.975000,43,44.800000,44,MLR_fs1_AC.pkl
47,47,31,44,MLR,fs3,AC,0.115556,42.000000,0.899017,39.400000,31.600000,0.475306,0.047553,0.615628,0.323103,0.183206,0.233270,0.783542,40.000000,0.427753,-0.275550,0.427753,0.275550,True,False,True,False,Overfitting with high CV instability,43.000000,46.000000,35.000000,31.000000,31.000000,34.000000,41.333333,46,42.250000,47,41.500000,46,46.333333,46.000000,46.000000,47.000000,1.000000,0.577350,0,0.000000,Weight-sensitive,46.462000,47.000000,45,47,2,0.728757,0,0.000000,0,0.000000,Weight-sensitive,33.625000,48,47.400000,47,MLR_fs3_AC.pkl
48,48,46,47,MLR,fs4,AC,0.000000,47.200000,0.961163,45.600000,46.000000,0.227607,-0.367696,0.697663,-0.150056,0.249591,0.304058,0.535650,34.666667,0.595303,-0.217639,0.595303,0.217639,True,True,True,False,Possible underfitting,48.000000,48.000000,44.000000,46.000000,46.000000,46.000000,46.666667,48,47.400000,48,46.800000,48,48.000000,48.000000,48.000000,48.000000,0.000000,0.000000,0,0.000000,Weight-sensitive,48.000000,48.000000,48,48,0,0.000000,0,0.000000,0,0.000000,Weight-sensitive,33.575000,47,47.600000,48,MLR_fs4_AC.pkl
