model,feature_set,target,file,pipeline_contains_preprocessing,n_features,n_train,n_test,best_params,validation_split_used,r2_train,mae_train,mse_train,rmse_train,bias_train,ioa_train,ios_train,p20_train,ad_stat_train,r2_test,mae_test,mse_test,rmse_test,bias_test,ioa_test,ios_test,p20_test,ad_stat_test,cv_r2_mean,cv_r2_std,cv_r2_min,cv_r2_max,cv_mode,cv_folds,cv_repeats,train_cv_gap,cv_test_gap,abs_train_cv_gap,abs_cv_test_gap,possible_overfitting,possible_underfitting,high_cv_instability,holdout_sensitive,stable_generalization,generalization_diagnosis,rank_cv_r2,rank_cv_stability,rank_train_cv_gap,selection_rank_score,Selection Rank,rank_test_r2,rank_test_rmse,rank_test_mae,test_rank_score,Test Performance Rank,fs,test_shift,statistical_rank,selection_rank,statistical_score,statistical_score_ci_lower,statistical_score_ci_upper,statistical_score_ci_width,rank_stability,test_performance_rank,generalization_rank_score,generalization_rank,equal_score,equal_rank,performance_focused_score,performance_focused_rank,stability_focused_score,stability_focused_rank,sensitivity_mean_rank,sensitivity_median_rank,sensitivity_min_rank,sensitivity_max_rank,sensitivity_rank_range,sensitivity_rank_sd,first_place_count,first_place_rate,weight_sensitivity_diagnosis,mc_mean_rank,mc_median_rank,mc_min_rank,mc_max_rank,mc_rank_range,mc_rank_sd,mc_first_place_count,mc_first_place_rate,mc_top3_count,mc_top3_rate,mc_weight_sensitivity_diagnosis,robustness_rank_score,robustness_rank,recommended_rank_score,recommended_rank
DT,fs3,AC,DT_fs3_AC.pkl,True,6,257,75,"{""splitter"": ""best"", ""min_samples_split"": 8, ""min_samples_leaf"": 4, ""max_features"": null, ""max_depth"": 6, ""criterion"": ""friedman_mse"", ""ccp_alpha"": 0.005}",False,0.809115,0.147650,0.037305,0.193145,0.000000,0.945227,0.563096,67.315175,2.985132,0.500126,0.154972,0.040184,0.200460,0.021269,0.864946,0.292982,54.666667,1.960777,0.609673,0.182768,0.376287,0.878141,group,5,1,0.199442,0.109547,0.199442,0.109547,False,False,False,False,False,Moderate generalization,2.000000,2.000000,3.000000,2.200000,1,16.000000,16.000000,20.000000,16.800000,16,fs3,False,1,1,1.000000,,,,0.831926,16,2.600000,3,2.333333,1,2.150000,1,2.300000,1,1.000000,1.000000,1.000000,1.000000,0.000000,0.000000,3,1.000000,Highly robust,1.003000,1.000000,1,2,1,0.054717,997,0.997000,1000,1.000000,Highly robust,1.100000,1,1.000000,1
DT,fs2,AC,DT_fs2_AC.pkl,True,5,257,75,"{""splitter"": ""best"", ""min_samples_split"": 12, ""min_samples_leaf"": 6, ""max_features"": null, ""max_depth"": 5, ""criterion"": ""friedman_mse"", ""ccp_alpha"": 0.001}",False,0.875547,0.114944,0.024322,0.155955,0.000000,0.965982,0.647221,75.486381,2.787140,0.669072,0.123193,0.026603,0.163104,0.086880,0.910957,0.424737,66.666667,1.624930,0.614307,0.324940,0.082263,0.949605,group,5,1,0.261240,-0.054765,0.261240,0.054765,True,False,True,False,False,Overfitting with high CV instability,1.000000,25.000000,6.000000,6.800000,2,7.000000,7.000000,6.000000,6.800000,7,fs2,False,2,2,0.897778,,,,0.507807,7,13.600000,8,10.666667,4,5.350000,2,9.700000,3,3.000000,3.000000,2.000000,4.000000,2.000000,1.000000,0,0.000000,Weight-sensitive,3.559000,2.000000,1,12,11,2.408385,3,0.003000,637,0.637000,Unstable selection,4.500000,2,2.000000,2
GBR,fs3,AC,GBR_fs3_AC.pkl,True,6,257,75,"{""subsample"": 0.75, ""n_estimators"": 200, ""min_samples_split"": 4, ""min_samples_leaf"": 4, ""max_depth"": 3, ""loss"": ""squared_error"", ""learning_rate"": 0.01}",False,0.868551,0.126406,0.025689,0.160279,0.000144,0.957057,0.637441,72.373541,2.054119,0.710467,0.128278,0.023275,0.152562,0.077125,0.901230,0.461917,58.666667,0.755487,0.567685,0.187318,0.302220,0.789250,group,5,1,0.300867,-0.142783,0.300867,0.142783,True,False,False,False,False,Possible overfitting,6.000000,5.000000,12.000000,7.000000,3,6.000000,6.000000,9.000000,6.600000,6,fs3,False,3,3,0.893333,,,,0.712656,6,9.200000,5,7.666667,2,6.750000,3,7.500000,2,2.333333,2.000000,2.000000,3.000000,1.000000,0.577350,0,0.000000,Weight-sensitive,2.888000,3.000000,2,5,3,0.758968,0,0.000000,848,0.848000,Weight-sensitive,8.925000,3,3.000000,3
GBR,fs2,AC,GBR_fs2_AC.pkl,True,5,257,75,"{""subsample"": 0.9, ""n_estimators"": 200, ""min_samples_split"": 4, ""min_samples_leaf"": 6, ""max_depth"": 2, ""loss"": ""squared_error"", ""learning_rate"": 0.05}",False,0.914765,0.097292,0.016658,0.129065,0.000087,0.976330,0.708049,82.879377,1.974339,0.756142,0.109721,0.019603,0.140012,0.046531,0.928741,0.506180,77.333333,0.848447,0.581105,0.208085,0.383203,0.838981,group,5,1,0.333660,-0.175037,0.333660,0.175037,True,False,True,False,False,Overfitting with high CV instability,4.000000,8.000000,19.000000,7.800000,4,2.000000,2.000000,2.000000,2.000000,2,fs2,False,4,4,0.875556,,,,0.619674,2,14.600000,10,10.333333,3,6.850000,4,9.700000,3,3.333333,3.000000,3.000000,4.000000,1.000000,0.577350,0,0.000000,Weight-sensitive,3.392000,4.000000,2,4,2,0.697727,0,0.000000,484,0.484000,Weight-sensitive,9.475000,4,4.000000,4
XGB,fs2,AC,XGB_fs2_AC.pkl,True,5,257,75,"{""subsample"": 0.8, ""reg_lambda"": 1.0, ""reg_alpha"": 0.1, ""n_estimators"": 200, ""min_child_weight"": 1, ""max_depth"": 4, ""learning_rate"": 0.05, ""gamma"": 0.0, ""colsample_bytree"": 1.0}",False,0.983019,0.042554,0.003319,0.057608,-0.000133,0.995603,0.869687,98.054475,1.928341,0.735957,0.115142,0.021226,0.145692,0.071752,0.927067,0.486149,70.666667,0.570947,0.608251,0.238231,0.307941,0.913413,group,5,1,0.374767,-0.127706,0.374767,0.127706,True,False,True,False,False,Overfitting with high CV instability,3.000000,13.000000,25.000000,9.400000,5,4.000000,4.000000,4.000000,4.000000,4,fs2,False,5,5,0.840000,,,,0.603105,4,20.200000,16,13.666667,5,7.800000,5,12.600000,5,5.000000,5.000000,5.000000,5.000000,0.000000,0.000000,0,0.000000,Weight-sensitive,4.767000,5.000000,3,7,4,0.570119,0,0.000000,29,0.029000,Weight-sensitive,9.925000,5,5.000000,5
RF,fs2,AC,RF_fs2_AC.pkl,True,5,257,75,"{""n_estimators"": 400, ""min_samples_split"": 12, ""min_samples_leaf"": 2, ""max_features"": 0.75, ""max_depth"": 5}",False,0.899762,0.105216,0.019590,0.139963,-0.002066,0.970475,0.683396,84.435798,3.438336,0.762366,0.109552,0.019103,0.138214,0.072099,0.933087,0.512523,70.666667,0.877372,0.553628,0.234542,0.255897,0.844071,group,5,1,0.346134,-0.208738,0.346134,0.208738,True,False,True,True,False,Overfitting with high CV instability,7.000000,12.000000,22.000000,11.000000,6,1.000000,1.000000,1.000000,1.000000,1,fs2,True,6,6,0.804444,,,,0.686672,1,18.000000,13,13.666667,6,10.000000,7,13.000000,6,6.333333,6.000000,6.000000,7.000000,1.000000,0.577350,0,0.000000,Weight-sensitive,6.607000,6.000000,6,9,3,0.742363,0,0.000000,0,0.000000,Weight-sensitive,15.275000,7,6.400000,6
XGB,fs3,AC,XGB_fs3_AC.pkl,True,6,257,75,"{""subsample"": 0.8, ""reg_lambda"": 1.0, ""reg_alpha"": 0.1, ""n_estimators"": 200, ""min_child_weight"": 1, ""max_depth"": 4, ""learning_rate"": 0.05, ""gamma"": 0.0, ""colsample_bytree"": 1.0}",False,0.983601,0.040919,0.003205,0.056612,0.000280,0.995738,0.871942,97.276265,2.670305,0.722289,0.117673,0.022325,0.149415,0.072856,0.921503,0.473017,66.666667,0.707751,0.579870,0.244734,0.358963,0.911728,group,5,1,0.403731,-0.142419,0.403731,0.142419,True,False,True,False,False,Overfitting with high CV instability,5.000000,14.000000,29.000000,11.600000,7,5.000000,5.000000,5.000000,5.000000,5,fs3,False,7,7,0.791111,,,,0.617773,5,23.000000,25,16.000000,10,9.950000,6,14.900000,8,8.000000,8.000000,6.000000,10.000000,4.000000,2.000000,0,0.000000,Unstable selection,7.094000,7.000000,5,10,5,1.009050,0,0.000000,0,0.000000,Weight-sensitive,15.925000,8,7.400000,7
RF,fs3,AC,RF_fs3_AC.pkl,True,6,257,75,"{""n_estimators"": 400, ""min_samples_split"": 8, ""min_samples_leaf"": 4, ""max_features"": 0.75, ""max_depth"": 7}",False,0.910171,0.092646,0.017556,0.132497,-0.001940,0.974009,0.700285,84.824903,4.123625,0.743647,0.112286,0.020608,0.143554,0.067286,0.921486,0.493687,65.333333,0.701363,0.532427,0.269629,0.166675,0.863496,group,5,1,0.377743,-0.211220,0.377743,0.211220,True,False,True,True,False,Overfitting with high CV instability,8.000000,17.000000,26.000000,13.400000,8,3.000000,3.000000,3.000000,3.000000,3,fs3,True,8,8,0.751111,,,,0.698196,3,22.400000,23,17.000000,16,12.050000,8,16.100000,13,12.333333,13.000000,8.000000,16.000000,8.000000,4.041452,0,0.000000,Unstable selection,9.932000,10.000000,8,13,5,1.349517,0,0.000000,0,0.000000,Weight-sensitive,17.675000,9,8.700000,9
GBR,fs1,AC,GBR_fs1_AC.pkl,True,4,257,75,"{""subsample"": 0.75, ""n_estimators"": 300, ""min_samples_split"": 12, ""min_samples_leaf"": 8, ""max_depth"": 1, ""loss"": ""squared_error"", ""learning_rate"": 0.05}",False,0.767816,0.150573,0.045376,0.213017,0.000341,0.924753,0.518145,67.315175,3.826351,0.527849,0.132838,0.037956,0.194822,0.041588,0.850885,0.312868,66.666667,2.763212,0.456643,0.267460,0.228849,0.755903,group,5,1,0.311172,-0.071206,0.311172,0.071206,True,False,True,False,False,Overfitting with high CV instability,12.000000,16.000000,15.000000,13.400000,8,15.000000,15.000000,10.000000,14.000000,14,fs1,False,8,8,0.751111,,,,0.893989,14,15.400000,12,14.333333,7,13.050000,11,14.100000,7,8.333333,7.000000,7.000000,11.000000,4.000000,2.309401,0,0.000000,Unstable selection,10.177000,10.000000,6,13,7,2.410702,0,0.000000,0,0.000000,Unstable selection,18.975000,12,9.900000,10
XGB,fs4,AC,XGB_fs4_AC.pkl,True,4,257,75,"{""subsample"": 1.0, ""reg_lambda"": 1.0, ""reg_alpha"": 0.1, ""n_estimators"": 400, ""min_child_weight"": 1, ""max_depth"": 2, ""learning_rate"": 0.05, ""gamma"": 0.0, ""colsample_bytree"": 0.8}",False,0.922687,0.091304,0.015109,0.122921,0.000071,0.978655,0.721948,85.214008,1.998706,0.556406,0.141599,0.035660,0.188838,0.005417,0.830683,0.333971,62.666667,1.336260,0.488902,0.133358,0.312570,0.640938,group,5,1,0.433785,-0.067504,0.433785,0.067504,True,False,False,False,False,Possible overfitting,10.000000,1.000000,36.000000,13.400000,10,11.000000,11.000000,12.000000,11.200000,11,fs4,False,10,10,0.751111,,,,0.513551,11,22.000000,22,15.666667,9,12.550000,9,15.100000,9,9.000000,9.000000,9.000000,9.000000,0.000000,0.000000,0,0.000000,Weight-sensitive,10.021000,9.000000,3,21,18,4.043131,0,0.000000,2,0.002000,Unstable selection,15.175000,6,8.400000,8
XGB,fs1,AC,XGB_fs1_AC.pkl,True,4,257,75,"{""subsample"": 0.8, ""reg_lambda"": 5.0, ""reg_alpha"": 0.0, ""n_estimators"": 400, ""min_child_weight"": 1, ""max_depth"": 2, ""learning_rate"": 0.05, ""gamma"": 0.0, ""colsample_bytree"": 0.6}",False,0.909492,0.096728,0.017688,0.132997,-0.000058,0.974794,0.699155,82.101167,2.746819,0.560070,0.123978,0.035365,0.188057,0.034202,0.862788,0.336728,74.666667,2.560967,0.500259,0.208415,0.237962,0.729019,group,5,1,0.409233,-0.059812,0.409233,0.059812,True,False,True,False,False,Overfitting with high CV instability,9.000000,9.000000,33.000000,13.800000,11,10.000000,10.000000,7.000000,9.400000,9,fs1,False,11,11,0.742222,,,,0.600416,9,23.400000,26,17.000000,16,12.600000,10,16.200000,14,13.333333,14.000000,10.000000,16.000000,6.000000,3.055050,0,0.000000,Unstable selection,10.152000,10.000000,6,16,10,1.701114,0,0.000000,0,0.000000,Unstable selection,18.175000,10,10.600000,11
GBR,fs4,AC,GBR_fs4_AC.pkl,True,4,257,75,"{""subsample"": 0.9, ""n_estimators"": 200, ""min_samples_split"": 4, ""min_samples_leaf"": 6, ""max_depth"": 2, ""loss"": ""squared_error"", ""learning_rate"": 0.05}",False,0.892316,0.107227,0.021045,0.145069,-0.000252,0.969322,0.671847,80.544747,1.673818,0.491325,0.146428,0.040892,0.202217,0.021566,0.819498,0.286785,69.333333,1.158496,0.487836,0.205435,0.269617,0.703927,group,5,1,0.404480,-0.003489,0.404480,0.003489,True,False,True,False,False,Overfitting with high CV instability,11.000000,7.000000,31.000000,14.200000,12,18.000000,18.000000,14.000000,17.200000,17,fs4,False,12,12,0.733333,,,,0.608726,17,21.400000,20,16.333333,11,13.400000,12,15.800000,11,11.333333,11.000000,11.000000,12.000000,1.000000,0.577350,0,0.000000,Weight-sensitive,11.568000,12.000000,7,18,11,1.690039,0,0.000000,0,0.000000,Unstable selection,18.875000,11,11.600000,12
DT,fs1,AC,DT_fs1_AC.pkl,True,4,257,75,"{""splitter"": ""best"", ""min_samples_split"": 20, ""min_samples_leaf"": 4, ""max_features"": ""sqrt"", ""max_depth"": 6, ""criterion"": ""friedman_mse"", ""ccp_alpha"": 0.001}",False,0.845050,0.120462,0.030282,0.174018,0.000000,0.956923,0.606363,79.766537,4.905002,0.544869,0.139822,0.036587,0.191278,0.036144,0.859191,0.325366,69.333333,1.165647,0.441219,0.187506,0.242226,0.642667,group,5,1,0.403831,-0.103649,0.403831,0.103649,True,False,False,False,False,Possible overfitting,13.000000,6.000000,30.000000,15.000000,13,13.000000,13.000000,11.000000,12.600000,13,fs1,False,13,13,0.715556,,,,0.618434,13,20.400000,17,16.333333,11,14.500000,13,16.000000,12,12.000000,12.000000,11.000000,13.000000,2.000000,1.000000,0,0.000000,Weight-sensitive,13.235000,13.000000,10,19,9,1.834432,0,0.000000,0,0.000000,Unstable selection,19.925000,13,13.000000,13
SVR,fs1,AC,SVR_fs1_AC.pkl,True,4,257,75,"{""kernel"": ""rbf"", ""gamma"": 0.1, ""epsilon"": 0.2, ""C"": 0.1}",False,0.507844,0.212283,0.096183,0.310134,-0.017122,0.776016,0.298461,48.249027,14.775877,0.345399,0.173685,0.052622,0.229396,0.096349,0.759476,0.190926,50.666667,4.049425,0.279561,0.316814,-0.101915,0.577986,group,5,1,0.228282,-0.065837,0.228282,0.065837,True,False,True,False,False,Overfitting with high CV instability,19.000000,23.000000,4.000000,16.800000,14,28.000000,28.000000,29.000000,28.200000,27,fs1,False,14,14,0.675556,,,,0.652152,27,11.600000,7,15.333333,8,17.350000,14,15.700000,10,10.666667,10.000000,8.000000,14.000000,6.000000,3.055050,0,0.000000,Unstable selection,13.089000,14.000000,5,19,14,3.237215,0,0.000000,0,0.000000,Unstable selection,21.575000,16,14.800000,15
SVR,fs3,AC,SVR_fs3_AC.pkl,True,6,257,75,"{""kernel"": ""rbf"", ""gamma"": ""scale"", ""epsilon"": 0.2, ""C"": 0.1}",False,0.589652,0.204729,0.080195,0.283188,-0.010274,0.815515,0.359416,50.972763,10.909678,0.362109,0.178143,0.051279,0.226449,0.088912,0.746134,0.201319,46.666667,4.203729,0.278980,0.253303,-0.050923,0.492846,group,5,1,0.310672,-0.083129,0.310672,0.083129,True,False,True,False,False,Overfitting with high CV instability,20.000000,15.000000,14.000000,17.800000,15,25.000000,25.000000,31.000000,26.200000,25,fs3,False,15,15,0.653333,,,,0.861553,25,14.400000,9,16.333333,11,18.350000,15,16.700000,15,13.666667,15.000000,11.000000,15.000000,4.000000,2.309401,0,0.000000,Unstable selection,14.448000,15.000000,11,18,7,1.362039,0,0.000000,0,0.000000,Weight-sensitive,20.025000,14,14.600000,14
ANN,fs3,AC,ANN_fs3_AC.pkl,True,6,257,75,"{""solver"": ""adam"", ""max_iter"": 2000, ""learning_rate_init"": 0.0005, ""hidden_layer_sizes"": [32, 16], ""early_stopping"": true, ""batch_size"": 16, ""alpha"": 0.1, ""activation"": ""relu""}",False,0.654822,0.187762,0.067459,0.259729,-0.009382,0.886386,0.412481,57.198444,3.158992,0.294217,0.167048,0.056737,0.238195,0.061772,0.764836,0.159891,60.000000,2.348740,0.318069,0.344087,-0.051759,0.687423,group,5,1,0.336752,0.023852,0.336752,0.023852,True,False,True,False,False,Overfitting with high CV instability,17.000000,27.000000,20.000000,19.600000,16,36.000000,36.000000,24.000000,33.600000,34,fs3,False,16,16,0.613333,,,,0.835839,34,22.800000,24,21.333333,21,18.950000,16,20.900000,21,19.333333,21.000000,16.000000,21.000000,5.000000,2.886751,0,0.000000,Unstable selection,16.466000,17.000000,14,19,5,1.061117,0,0.000000,0,0.000000,Weight-sensitive,20.075000,15,15.600000,16
SVR,fs2,AC,SVR_fs2_AC.pkl,True,5,257,75,"{""kernel"": ""rbf"", ""gamma"": 0.1, ""epsilon"": 0.2, ""C"": 0.1}",False,0.552873,0.207253,0.087383,0.295606,-0.007672,0.800263,0.331325,50.583658,12.541518,0.389746,0.176651,0.049057,0.221489,0.106339,0.781559,0.218812,46.666667,5.252759,0.270079,0.315522,-0.080729,0.539443,group,5,1,0.282795,-0.119667,0.282795,0.119667,True,False,True,False,False,Overfitting with high CV instability,23.000000,22.000000,10.000000,20.200000,17,23.000000,23.000000,30.000000,24.400000,24,fs2,False,17,17,0.600000,,,,0.756325,24,14.800000,11,18.333333,20,20.900000,19,18.800000,17,18.666667,19.000000,17.000000,20.000000,3.000000,1.527525,0,0.000000,Unstable selection,18.091000,18.000000,11,23,12,2.614872,0,0.000000,0,0.000000,Unstable selection,22.650000,18,17.400000,17
RF,fs4,AC,RF_fs4_AC.pkl,True,4,257,75,"{""n_estimators"": 200, ""min_samples_split"": 12, ""min_samples_leaf"": 2, ""max_features"": 0.75, ""max_depth"": 10}",False,0.896400,0.100648,0.020247,0.142292,0.001096,0.969187,0.678130,84.046693,4.140248,0.533160,0.147302,0.037529,0.193723,0.035147,0.825644,0.316743,54.666667,1.881743,0.439262,0.324379,-0.071776,0.744116,group,5,1,0.457138,-0.093898,0.457138,0.093898,True,False,True,False,False,Overfitting with high CV instability,14.000000,24.000000,40.000000,21.200000,18,14.000000,14.000000,15.000000,14.200000,15,fs4,False,18,18,0.577778,,,,0.708288,15,33.600000,37,26.000000,24,19.400000,17,24.800000,23,21.333333,23.000000,17.000000,24.000000,7.000000,3.785939,0,0.000000,Unstable selection,18.151000,18.000000,14,29,15,3.478548,0,0.000000,0,0.000000,Unstable selection,23.450000,19,18.400000,18
SVR,fs4,AC,SVR_fs4_AC.pkl,True,4,257,75,"{""kernel"": ""rbf"", ""gamma"": ""scale"", ""epsilon"": 0.2, ""C"": 0.1}",False,0.480962,0.223273,0.101437,0.318492,-0.030532,0.744825,0.279557,49.416342,12.458144,0.306073,0.180948,0.055784,0.236186,0.070721,0.705645,0.166977,50.666667,2.975971,0.187782,0.218794,-0.072859,0.501295,group,5,1,0.293180,-0.118292,0.293180,0.118292,True,False,True,False,False,Overfitting with high CV instability,30.000000,10.000000,11.000000,22.200000,19,35.000000,35.000000,32.000000,34.400000,35,fs4,False,19,19,0.555556,,,,0.648819,35,10.600000,6,17.000000,16,24.150000,24,18.300000,16,18.666667,16.000000,16.000000,24.000000,8.000000,4.618802,0,0.000000,Unstable selection,21.051000,21.000000,16,27,11,2.740787,0,0.000000,0,0.000000,Unstable selection,24.100000,20,19.400000,20
DT,fs4,AC,DT_fs4_AC.pkl,True,4,257,75,"{""splitter"": ""best"", ""min_samples_split"": 8, ""min_samples_leaf"": 4, ""max_features"": null, ""max_depth"": 6, ""criterion"": ""friedman_mse"", ""ccp_alpha"": 0.005}",False,0.820552,0.138386,0.035070,0.187270,-0.000000,0.949014,0.576387,64.591440,2.804131,0.090429,0.169255,0.073119,0.270405,0.011665,0.700957,0.046286,54.666667,3.808032,0.394218,0.359058,-0.046527,0.788114,group,5,1,0.426335,0.303788,0.426335,0.303788,True,False,True,True,False,Overfitting with high CV instability,16.000000,30.000000,34.000000,22.400000,20,44.000000,44.000000,25.000000,40.200000,41,fs4,True,20,20,0.551111,,,,0.775557,41,32.400000,34,26.666667,27,20.800000,18,25.600000,24,23.000000,24.000000,18.000000,27.000000,9.000000,4.582576,0,0.000000,Unstable selection,20.035000,20.000000,16,27,11,1.692525,0,0.000000,0,0.000000,Unstable selection,22.125000,17,18.800000,19
ANN,fs2,AC,ANN_fs2_AC.pkl,True,5,257,75,"{""solver"": ""adam"", ""max_iter"": 2000, ""learning_rate_init"": 0.003, ""hidden_layer_sizes"": [32, 16], ""early_stopping"": true, ""batch_size"": 32, ""alpha"": 1.0, ""activation"": ""relu""}",False,0.549358,0.201453,0.088070,0.296766,-0.039983,0.808915,0.328701,57.587549,9.621911,0.549143,0.145111,0.036244,0.190378,0.064514,0.822450,0.328541,53.333333,4.572592,0.272263,0.436023,-0.311189,0.653872,group,5,1,0.277095,-0.276880,0.277095,0.276880,True,False,True,True,False,Overfitting with high CV instability,22.000000,39.000000,9.000000,22.800000,21,12.000000,12.000000,13.000000,12.200000,12,fs2,True,21,21,0.542222,,,,0.655118,12,21.000000,19,23.333333,22,22.600000,22,23.200000,22,22.000000,22.000000,22.000000,22.000000,0.000000,0.000000,0,0.000000,Weight-sensitive,21.521000,21.000000,9,32,23,5.294487,0,0.000000,0,0.000000,Unstable selection,25.900000,24,22.200000,23
RF,fs1,AC,RF_fs1_AC.pkl,True,4,257,75,"{""n_estimators"": 400, ""min_samples_split"": 8, ""min_samples_leaf"": 2, ""max_features"": ""sqrt"", ""max_depth"": 10}",False,0.907631,0.091417,0.018052,0.134357,0.001949,0.972754,0.696078,88.326848,6.147774,0.614523,0.124863,0.030988,0.176034,0.053294,0.869878,0.379132,61.333333,3.531881,0.433330,0.371250,-0.157637,0.766828,group,5,1,0.474302,-0.181193,0.474302,0.181193,True,False,True,False,False,Overfitting with high CV instability,15.000000,31.000000,41.000000,23.400000,22,8.000000,8.000000,8.000000,8.000000,8,fs1,False,22,22,0.528889,,,,0.730327,8,37.000000,43,29.000000,33,21.300000,20,27.600000,30,27.666667,30.000000,20.000000,33.000000,13.000000,6.806859,0,0.000000,Unstable selection,21.936000,22.000000,15,32,17,3.441765,0,0.000000,0,0.000000,Unstable selection,25.375000,22,22.000000,21
ET,fs1,AC,ET_fs1_AC.pkl,True,4,257,75,"{""n_estimators"": 600, ""min_samples_split"": 8, ""min_samples_leaf"": 2, ""max_features"": ""sqrt"", ""max_depth"": 7, ""bootstrap"": true}",False,0.718730,0.164199,0.054969,0.234455,-0.000745,0.892631,0.469651,60.700389,9.908865,0.460788,0.154780,0.043347,0.208198,0.075271,0.792358,0.265689,52.000000,3.994225,0.283560,0.356341,-0.195648,0.665276,group,5,1,0.435170,-0.177227,0.435170,0.177227,True,False,True,False,False,Overfitting with high CV instability,18.000000,29.000000,37.000000,24.000000,23,19.000000,19.000000,19.000000,19.000000,19,fs1,False,23,23,0.515556,,,,0.782366,19,33.800000,38,28.000000,31,22.500000,21,27.000000,28,26.666667,28.000000,21.000000,31.000000,10.000000,5.131601,0,0.000000,Unstable selection,23.519000,23.000000,20,30,10,2.449007,0,0.000000,0,0.000000,Unstable selection,25.150000,21,22.200000,22
ET,fs2,AC,ET_fs2_AC.pkl,True,5,257,75,"{""n_estimators"": 200, ""min_samples_split"": 20, ""min_samples_leaf"": 2, ""max_features"": 1.0, ""max_depth"": 7, ""bootstrap"": true}",False,0.727760,0.165486,0.053205,0.230661,0.000142,0.896544,0.478233,62.256809,8.475060,0.584029,0.150163,0.033439,0.182864,0.090424,0.858164,0.355042,44.000000,4.008065,0.273919,0.290791,-0.050518,0.551102,group,5,1,0.453840,-0.310110,0.453840,0.310110,True,False,True,True,False,Overfitting with high CV instability,21.000000,19.000000,39.000000,24.200000,24,9.000000,9.000000,17.000000,10.600000,10,fs2,True,24,24,0.511111,,,,0.745413,10,31.000000,32,26.333333,25,23.400000,23,25.800000,26,24.666667,25.000000,23.000000,26.000000,3.000000,1.527525,0,0.000000,Unstable selection,23.720000,23.000000,16,33,17,4.128758,0,0.000000,0,0.000000,Unstable selection,26.550000,25,24.400000,25
ANN,fs1,AC,ANN_fs1_AC.pkl,True,4,257,75,"{""solver"": ""adam"", ""max_iter"": 2000, ""learning_rate_init"": 0.001, ""hidden_layer_sizes"": [32, 16], ""early_stopping"": true, ""batch_size"": 16, ""alpha"": 0.01, ""activation"": ""relu""}",False,0.625451,0.194556,0.073199,0.270553,0.002482,0.876195,0.387996,57.587549,3.219472,0.391844,0.148338,0.048889,0.221108,0.048225,0.805021,0.220157,60.000000,3.495451,0.259044,0.384904,-0.357488,0.592882,group,5,1,0.366406,-0.132800,0.366406,0.132800,True,False,True,False,False,Overfitting with high CV instability,24.000000,32.000000,24.000000,25.600000,25,22.000000,22.000000,16.000000,20.800000,20,fs1,False,25,25,0.480000,,,,0.876101,20,27.200000,30,26.666667,27,25.200000,25,26.400000,27,26.333333,27.000000,25.000000,27.000000,2.000000,1.154701,0,0.000000,Weight-sensitive,25.735000,25.000000,22,31,9,2.016145,0,0.000000,0,0.000000,Unstable selection,25.525000,23,24.200000,24
LASSO,fs1,AC,LASSO_fs1_AC.pkl,True,4,257,75,"{""alpha"": 0.1, ""max_iter"": 10000, ""selection"": ""cyclic""}",False,0.320805,0.266731,0.132737,0.364331,0.000000,0.615464,0.175867,36.575875,18.188074,0.190747,0.212710,0.065055,0.255058,0.125588,0.651623,0.100415,37.333333,4.514543,0.087358,0.227766,-0.203199,0.337143,group,5,1,0.233447,-0.103389,0.233447,0.103389,True,True,True,False,False,Possible underfitting,38.000000,11.000000,5.000000,26.000000,26,43.000000,43.000000,44.000000,43.200000,44,fs1,False,26,26,0.471111,,,,0.556368,44,7.400000,4,18.000000,19,29.000000,29,20.000000,20,22.666667,20.000000,19.000000,29.000000,10.000000,5.507571,0,0.000000,Unstable selection,26.492000,27.000000,20,34,14,3.587591,0,0.000000,0,0.000000,Unstable selection,27.600000,26,26.000000,26
EN,fs2,AC,EN_fs2_AC.pkl,True,5,257,75,"{""selection"": ""cyclic"", ""max_iter"": 10000, ""l1_ratio"": 0.25, ""alpha"": 0.1}",False,0.445658,0.234592,0.108336,0.329145,0.000000,0.748065,0.255459,41.634241,10.908653,0.351635,0.186319,0.052121,0.228300,0.102453,0.763965,0.194789,38.666667,3.160569,0.172381,0.425821,-0.315146,0.622102,group,5,1,0.273277,-0.179254,0.273277,0.179254,True,False,True,False,False,Overfitting with high CV instability,31.000000,37.000000,7.000000,27.400000,27,27.000000,27.000000,37.000000,29.000000,28,fs2,False,27,27,0.440000,,,,0.658562,28,19.000000,15,25.000000,23,28.300000,28,25.600000,24,25.000000,24.000000,23.000000,28.000000,5.000000,2.645751,0,0.000000,Unstable selection,27.741000,29.000000,15,35,20,4.765357,0,0.000000,0,0.000000,Unstable selection,29.625000,30,28.200000,28
ET,fs4,AC,ET_fs4_AC.pkl,True,4,257,75,"{""n_estimators"": 200, ""min_samples_split"": 12, ""min_samples_leaf"": 2, ""max_features"": 0.75, ""max_depth"": 10, ""bootstrap"": false}",False,0.803665,0.130944,0.038370,0.195883,-0.000000,0.933398,0.556903,75.486381,9.798750,0.499037,0.154760,0.040272,0.200678,0.041210,0.794454,0.292213,54.666667,2.214648,0.246121,0.295494,-0.243917,0.509512,group,5,1,0.557544,-0.252916,0.557544,0.252916,True,False,True,True,False,Overfitting with high CV instability,25.000000,20.000000,43.000000,27.600000,28,17.000000,17.000000,18.000000,17.200000,17,fs4,True,28,28,0.435556,,,,0.748102,17,33.800000,38,29.333333,34,26.950000,26,28.900000,34,31.333333,34.000000,26.000000,34.000000,8.000000,4.618802,0,0.000000,Unstable selection,28.663000,27.000000,22,39,17,4.186282,0,0.000000,0,0.000000,Unstable selection,28.000000,27,27.900000,27
ET,fs3,AC,ET_fs3_AC.pkl,True,6,257,75,"{""n_estimators"": 600, ""min_samples_split"": 8, ""min_samples_leaf"": 2, ""max_features"": ""sqrt"", ""max_depth"": 7, ""bootstrap"": true}",False,0.715315,0.173511,0.055637,0.235874,-0.000382,0.885931,0.466441,58.754864,9.038978,0.442121,0.171562,0.044847,0.211771,0.094402,0.779071,0.253087,44.000000,4.693848,0.230658,0.284520,-0.161185,0.446879,group,5,1,0.484657,-0.211463,0.484657,0.211463,True,False,True,True,False,Overfitting with high CV instability,26.000000,18.000000,42.000000,27.600000,28,20.000000,20.000000,26.000000,21.200000,21,fs3,True,28,28,0.435556,,,,0.741806,21,32.400000,34,28.666667,32,27.200000,27,28.400000,32,30.333333,32.000000,27.000000,32.000000,5.000000,2.886751,0,0.000000,Unstable selection,28.894000,28.000000,20,39,19,4.295721,0,0.000000,0,0.000000,Unstable selection,28.775000,28,28.300000,29
EN,fs4,AC,EN_fs4_AC.pkl,True,4,257,75,"{""selection"": ""random"", ""max_iter"": 10000, ""l1_ratio"": 0.5, ""alpha"": 1.0}",False,0.000000,0.349872,0.195433,0.442078,0.000000,0.000000,0.000000,24.513619,15.552030,-0.256100,0.274134,0.100976,0.317767,0.143483,0.392494,-0.120758,33.333333,3.653700,-0.173678,0.186740,-0.483913,-0.014958,group,5,1,0.173678,0.082421,0.173678,0.082421,False,True,False,False,False,Possible underfitting,45.500000,3.500000,1.500000,28.300000,30,47.500000,47.500000,47.500000,47.500000,47,fs4,False,30,30,0.420000,,,,0.453482,47,2.300000,1,16.833333,14,32.600000,36,19.700000,18,22.666667,18.000000,14.000000,36.000000,22.000000,11.718931,0,0.000000,Unstable selection,30.682000,31.000000,21,40,19,4.526076,0,0.000000,0,0.000000,Unstable selection,30.050000,32,31.300000,30
LASSO,fs4,AC,LASSO_fs4_AC.pkl,True,4,257,75,"{""alpha"": 1.0, ""max_iter"": 10000, ""selection"": ""cyclic""}",False,0.000000,0.349872,0.195433,0.442078,0.000000,0.000000,0.000000,24.513619,15.552030,-0.256100,0.274134,0.100976,0.317767,0.143483,0.392494,-0.120758,33.333333,3.653700,-0.173678,0.186740,-0.483913,-0.014958,group,5,1,0.173678,0.082421,0.173678,0.082421,False,True,False,False,False,Possible underfitting,45.500000,3.500000,1.500000,28.300000,30,47.500000,47.500000,47.500000,47.500000,47,fs4,False,30,30,0.420000,,,,0.453482,47,2.300000,1,16.833333,14,32.600000,36,19.700000,18,22.666667,18.000000,14.000000,36.000000,22.000000,11.718931,0,0.000000,Unstable selection,30.682000,31.000000,21,40,19,4.526076,0,0.000000,0,0.000000,Unstable selection,30.050000,32,31.300000,30
ANN,fs4,AC,ANN_fs4_AC.pkl,True,4,257,75,"{""solver"": ""adam"", ""max_iter"": 2000, ""learning_rate_init"": 0.003, ""hidden_layer_sizes"": [16], ""early_stopping"": true, ""batch_size"": 32, ""alpha"": 0.1, ""activation"": ""relu""}",False,0.639589,0.193749,0.070436,0.265398,0.009402,0.872482,0.399658,53.696498,3.022198,0.414137,0.172226,0.047097,0.217018,0.054667,0.784094,0.234583,48.000000,1.264664,0.199806,0.331052,-0.271212,0.565547,group,5,1,0.439783,-0.214331,0.439783,0.214331,True,False,True,True,False,Overfitting with high CV instability,28.000000,26.000000,38.000000,29.600000,32,21.000000,21.000000,27.000000,22.200000,22,fs4,True,32,32,0.391111,,,,0.853844,22,33.200000,36,30.666667,35,29.200000,30,30.400000,35,33.333333,35.000000,30.000000,35.000000,5.000000,2.886751,0,0.000000,Unstable selection,31.903000,32.000000,28,38,10,2.925089,0,0.000000,0,0.000000,Unstable selection,29.700000,31,31.600000,33
RIDGE,fs2,AC,RIDGE_fs2_AC.pkl,True,5,257,75,"{""alpha"": 100.0, ""solver"": ""auto""}",False,0.433319,0.242318,0.110748,0.332788,0.000000,0.725815,0.247218,41.634241,10.595616,0.314588,0.194886,0.055099,0.234732,0.103720,0.738120,0.172104,38.666667,2.786902,0.131389,0.405238,-0.403819,0.564559,group,5,1,0.301930,-0.183199,0.301930,0.183199,True,False,True,False,False,Overfitting with high CV instability,34.000000,35.000000,13.000000,30.000000,33,33.000000,33.000000,40.000000,34.400000,35,fs2,False,33,33,0.382222,,,,0.729341,35,21.800000,21,27.333333,29,31.000000,32,28.000000,31,30.666667,31.000000,29.000000,32.000000,3.000000,1.527525,0,0.000000,Unstable selection,31.749000,32.000000,23,36,13,2.820985,0,0.000000,0,0.000000,Unstable selection,29.600000,29,31.400000,32
EN,fs1,AC,EN_fs1_AC.pkl,True,4,257,75,"{""selection"": ""cyclic"", ""max_iter"": 10000, ""l1_ratio"": 0.5, ""alpha"": 0.1}",False,0.379396,0.247818,0.121286,0.348262,0.000000,0.689588,0.212216,41.634241,15.212676,0.268608,0.191853,0.058796,0.242478,0.103193,0.692809,0.144785,46.666667,2.757275,0.104348,0.395666,-0.445707,0.535668,group,5,1,0.275047,-0.164259,0.275047,0.164259,True,True,True,False,False,Possible underfitting,37.000000,34.000000,8.000000,30.600000,34,39.000000,39.000000,39.000000,39.000000,40,fs1,False,34,34,0.368889,,,,0.669128,40,18.400000,14,26.333333,25,32.200000,35,27.400000,29,29.666667,29.000000,25.000000,35.000000,10.000000,5.033223,0,0.000000,Unstable selection,33.304000,35.000000,22,39,17,3.875642,0,0.000000,0,0.000000,Unstable selection,31.750000,38,35.600000,35
KNN,fs4,AC,KNN_fs4_AC.pkl,True,4,257,75,"{""n_neighbors"": 7, ""p"": 2, ""weights"": ""distance""}",False,0.999964,0.000296,0.000007,0.002638,0.000000,0.999991,0.994033,100.000000,92.114286,0.351861,0.173605,0.052103,0.228261,0.038260,0.791445,0.194929,48.000000,2.615022,0.190218,0.310903,-0.271905,0.470814,group,5,1,0.809747,-0.161643,0.809747,0.161643,True,False,True,False,False,Overfitting with high CV instability,29.000000,21.000000,46.000000,30.800000,35,26.000000,26.000000,28.000000,26.400000,26,fs4,False,35,35,0.364444,,,,0.754284,26,36.000000,41,32.000000,37,30.350000,31,31.700000,37,35.000000,37.000000,31.000000,37.000000,6.000000,3.464102,0,0.000000,Unstable selection,33.719000,33.000000,26,42,16,4.705122,0,0.000000,0,0.000000,Unstable selection,31.775000,39,36.600000,37
LASSO,fs2,AC,LASSO_fs2_AC.pkl,True,5,257,75,"{""alpha"": 0.01, ""max_iter"": 10000, ""selection"": ""cyclic""}",False,0.471476,0.227108,0.103291,0.321389,-0.000000,0.782971,0.273004,48.638132,8.086044,0.338231,0.182615,0.053199,0.230648,0.086964,0.782858,0.186508,40.000000,2.883402,0.157095,0.511792,-0.353590,0.736431,group,5,1,0.314381,-0.181136,0.314381,0.181136,True,False,True,False,False,Overfitting with high CV instability,33.000000,42.000000,17.000000,31.600000,36,29.000000,29.000000,33.000000,29.800000,29,fs2,False,36,36,0.346667,,,,0.747869,29,27.000000,28,30.666667,35,31.950000,34,30.900000,36,35.000000,35.000000,34.000000,36.000000,2.000000,1.000000,0,0.000000,Weight-sensitive,34.455000,35.000000,27,39,12,3.019784,0,0.000000,0,0.000000,Unstable selection,31.150000,35,35.600000,34
EN,fs3,AC,EN_fs3_AC.pkl,True,6,257,75,"{""selection"": ""cyclic"", ""max_iter"": 10000, ""l1_ratio"": 0.5, ""alpha"": 0.1}",False,0.394849,0.255515,0.118266,0.343898,-0.000000,0.685342,0.222086,35.797665,10.889500,0.249992,0.209532,0.060292,0.245544,0.130765,0.719296,0.133970,36.000000,2.887303,0.083654,0.344713,-0.300508,0.437367,group,5,1,0.311196,-0.166338,0.311196,0.166338,True,True,True,False,False,Possible underfitting,39.000000,28.000000,16.000000,32.200000,37,40.000000,40.000000,43.000000,40.600000,42,fs3,False,37,37,0.333333,,,,0.746551,42,20.800000,18,27.666667,30,33.900000,38,28.800000,33,33.666667,33.000000,30.000000,38.000000,8.000000,4.041452,0,0.000000,Unstable selection,36.057000,36.000000,31,39,8,1.814123,0,0.000000,0,0.000000,Unstable selection,30.625000,34,35.800000,36
KNN,fs1,AC,KNN_fs1_AC.pkl,True,4,257,75,"{""n_neighbors"": 11, ""p"": 2, ""weights"": ""distance""}",False,1.000000,0.000000,0.000000,0.000000,0.000000,1.000000,1.000000,100.000000,99.277651,0.307792,0.161353,0.055646,0.235893,0.042294,0.783137,0.168010,57.333333,4.305900,0.220462,0.491990,-0.362317,0.636745,group,5,1,0.779538,-0.087330,0.779538,0.087330,True,False,True,False,False,Overfitting with high CV instability,27.000000,40.000000,45.000000,33.200000,38,34.000000,34.000000,22.000000,31.600000,32,fs1,False,38,38,0.311111,,,,0.831110,32,43.000000,45,37.333333,42,31.650000,33,36.300000,41,38.666667,41.000000,33.000000,42.000000,9.000000,4.932883,0,0.000000,Unstable selection,36.055000,37.000000,30,42,12,3.431873,0,0.000000,0,0.000000,Unstable selection,32.475000,40,38.800000,40
MLR,fs2,AC,MLR_fs2_AC.pkl,True,5,257,75,"{""fit_intercept"": true}",False,0.474640,0.227055,0.102672,0.320425,-0.000000,0.793070,0.275183,49.805447,6.625976,0.315493,0.184438,0.055027,0.234577,0.077211,0.784104,0.172650,40.000000,2.773456,0.112452,0.547351,-0.439468,0.742660,group,5,1,0.362188,-0.203041,0.362188,0.203041,True,False,True,True,False,Overfitting with high CV instability,36.000000,43.000000,23.000000,34.800000,39,32.000000,32.000000,35.000000,32.600000,33,fs2,True,39,39,0.275556,,,,0.804038,33,31.000000,32,34.000000,40,35.100000,39,34.200000,40,39.666667,40.000000,39.000000,40.000000,1.000000,0.577350,0,0.000000,Weight-sensitive,38.595000,39.000000,34,41,7,1.916938,0,0.000000,0,0.000000,Unstable selection,31.725000,37,38.200000,38
RIDGE,fs3,AC,RIDGE_fs3_AC.pkl,True,6,257,75,"{""alpha"": 100.0, ""solver"": ""auto""}",False,0.420190,0.248803,0.113314,0.336621,0.000000,0.711519,0.238547,40.856031,9.992142,0.285235,0.201986,0.057459,0.239706,0.110385,0.726470,0.154562,38.666667,2.532115,0.075947,0.414541,-0.478177,0.521754,group,5,1,0.344243,-0.209288,0.344243,0.209288,True,False,True,True,False,Overfitting with high CV instability,40.000000,36.000000,21.000000,35.400000,40,38.000000,38.000000,42.000000,38.800000,39,fs3,True,40,40,0.262222,,,,0.798119,39,27.000000,28,32.333333,38,36.550000,41,33.100000,38,39.000000,38.000000,38.000000,41.000000,3.000000,1.732051,0,0.000000,Unstable selection,39.837000,40.000000,36,42,6,1.366125,0,0.000000,0,0.000000,Weight-sensitive,31.375000,36,38.400000,39
RIDGE,fs1,AC,RIDGE_fs1_AC.pkl,True,4,257,75,"{""alpha"": 100.0, ""solver"": ""auto""}",False,0.377449,0.252252,0.121667,0.348807,0.000000,0.683184,0.210981,42.023346,12.691404,0.223603,0.199647,0.062413,0.249827,0.093940,0.668954,0.118866,49.333333,1.529822,0.051261,0.434502,-0.560594,0.560036,group,5,1,0.326188,-0.172342,0.326188,0.172342,True,True,True,False,False,Possible underfitting,42.000000,38.000000,18.000000,36.400000,41,42.000000,42.000000,41.000000,41.800000,43,fs1,False,41,41,0.240000,,,,0.756780,43,26.000000,27,32.666667,39,37.800000,42,33.600000,39,40.000000,39.000000,39.000000,42.000000,3.000000,1.732051,0,0.000000,Unstable selection,41.233000,42.000000,35,43,8,1.800542,0,0.000000,0,0.000000,Unstable selection,32.775000,42,41.400000,41
KNN,fs3,AC,KNN_fs3_AC.pkl,True,6,257,75,"{""n_neighbors"": 5, ""p"": 1, ""weights"": ""distance""}",False,1.000000,0.000000,0.000000,0.000000,0.000000,1.000000,1.000000,100.000000,99.277651,0.249258,0.164323,0.060351,0.245665,0.036281,0.752200,0.133546,58.666667,4.213657,0.167050,0.502371,-0.522006,0.580923,group,5,1,0.832950,-0.082208,0.832950,0.082208,True,False,True,False,False,Overfitting with high CV instability,32.000000,41.000000,47.000000,36.800000,42,41.000000,41.000000,23.000000,37.400000,38,fs3,False,42,42,0.231111,,,,0.866468,38,44.600000,46,40.000000,44,35.600000,40,39.200000,44,42.666667,44.000000,40.000000,44.000000,4.000000,2.309401,0,0.000000,Unstable selection,40.444000,41.000000,33,46,13,2.536000,0,0.000000,0,0.000000,Unstable selection,33.125000,44,42.800000,43
LASSO,fs3,AC,LASSO_fs3_AC.pkl,True,6,257,75,"{""alpha"": 0.01, ""max_iter"": 10000, ""selection"": ""cyclic""}",False,0.468804,0.229147,0.103813,0.322200,0.000000,0.778874,0.271168,47.081712,7.820006,0.328341,0.185393,0.053994,0.232365,0.091311,0.779189,0.180452,38.666667,2.776402,0.074800,0.572644,-0.550271,0.717143,group,5,1,0.394004,-0.253542,0.394004,0.253542,True,False,True,True,False,Overfitting with high CV instability,41.000000,45.000000,27.000000,39.000000,43,30.000000,30.000000,36.000000,31.200000,30,fs3,True,43,43,0.182222,,,,0.829957,30,34.200000,40,37.666667,43,39.500000,44,38.000000,43,43.333333,43.000000,43.000000,44.000000,1.000000,0.577350,0,0.000000,Weight-sensitive,43.345000,44.000000,40,45,5,1.134576,0,0.000000,0,0.000000,Weight-sensitive,32.550000,41,42.200000,42
KNN,fs2,AC,KNN_fs2_AC.pkl,True,5,257,75,"{""n_neighbors"": 5, ""p"": 2, ""weights"": ""distance""}",False,1.000000,0.000000,0.000000,0.000000,0.000000,1.000000,1.000000,100.000000,99.277651,0.381588,0.160525,0.049713,0.222965,0.054743,0.816256,0.213608,57.333333,3.242435,0.129936,0.634339,-0.796248,0.638147,group,5,1,0.870064,-0.251652,0.870064,0.251652,True,False,True,True,False,Overfitting with high CV instability,35.000000,47.000000,48.000000,40.000000,44,24.000000,24.000000,21.000000,23.400000,23,fs2,True,44,44,0.160000,,,,0.880043,23,47.600000,48,43.333333,47,38.750000,43,42.500000,47,45.666667,47.000000,43.000000,47.000000,4.000000,2.309401,0,0.000000,Unstable selection,43.957000,44.000000,41,47,6,1.704716,0,0.000000,0,0.000000,Unstable selection,33.350000,46,44.800000,44
RIDGE,fs4,AC,RIDGE_fs4_AC.pkl,True,4,257,75,"{""alpha"": 100.0, ""solver"": ""auto""}",False,0.211951,0.292274,0.154010,0.392442,0.000000,0.523718,0.112279,35.019455,11.869226,-0.093331,0.245288,0.087891,0.296465,0.104045,0.522734,-0.045625,41.333333,0.947477,-0.189095,0.389212,-0.751203,0.142083,group,5,1,0.401046,-0.095763,0.401046,0.095763,True,True,True,False,False,Possible underfitting,47.000000,33.000000,28.000000,40.400000,45,45.000000,45.000000,45.000000,45.000000,45,fs4,False,45,45,0.151111,,,,0.817410,45,30.000000,31,36.000000,41,42.050000,45,37.100000,42,42.666667,42.000000,41.000000,45.000000,4.000000,2.081666,0,0.000000,Unstable selection,44.837000,45.000000,43,47,4,1.295419,0,0.000000,0,0.000000,Weight-sensitive,33.325000,45,45.000000,46
MLR,fs1,AC,MLR_fs1_AC.pkl,True,4,257,75,"{""fit_intercept"": true}",False,0.419587,0.235818,0.113432,0.336796,0.000000,0.758379,0.238152,44.747082,11.185187,0.288807,0.186864,0.057172,0.239106,0.059867,0.733988,0.156677,46.666667,2.186812,0.014822,0.570441,-0.695366,0.681683,group,5,1,0.404766,-0.273985,0.404766,0.273985,True,False,True,True,False,Overfitting with high CV instability,44.000000,44.000000,32.000000,41.600000,46,37.000000,37.000000,38.000000,37.200000,37,fs1,True,46,46,0.124444,,,,0.876101,37,36.800000,42,40.000000,44,42.200000,46,40.400000,45,45.000000,45.000000,44.000000,46.000000,2.000000,1.000000,0,0.000000,Weight-sensitive,45.737000,46.000000,44,47,3,0.669537,0,0.000000,0,0.000000,Weight-sensitive,32.975000,43,44.800000,44
MLR,fs3,AC,MLR_fs3_AC.pkl,True,6,257,75,"{""fit_intercept"": true}",False,0.475306,0.227009,0.102542,0.320222,0.000000,0.793573,0.275642,50.583658,6.830994,0.323103,0.183206,0.054415,0.233270,0.072694,0.783542,0.177263,40.000000,2.625084,0.047553,0.615628,-0.644597,0.721856,group,5,1,0.427753,-0.275550,0.427753,0.275550,True,False,True,True,False,Overfitting with high CV instability,43.000000,46.000000,35.000000,42.000000,47,31.000000,31.000000,34.000000,31.600000,31,fs3,True,47,47,0.115556,,,,0.899017,31,39.400000,44,41.333333,46,42.250000,47,41.500000,46,46.333333,46.000000,46.000000,47.000000,1.000000,0.577350,0,0.000000,Weight-sensitive,46.462000,47.000000,45,47,2,0.728757,0,0.000000,0,0.000000,Weight-sensitive,33.625000,48,47.400000,47
MLR,fs4,AC,MLR_fs4_AC.pkl,True,4,257,75,"{""fit_intercept"": true}",False,0.227607,0.288576,0.150951,0.388524,-0.000000,0.591360,0.121141,35.408560,10.227838,-0.150056,0.249591,0.092451,0.304058,0.077731,0.535650,-0.072407,34.666667,1.179149,-0.367696,0.697663,-1.326325,0.263500,group,5,1,0.595303,-0.217639,0.595303,0.217639,True,True,True,True,False,Possible underfitting,48.000000,48.000000,44.000000,47.200000,48,46.000000,46.000000,46.000000,46.000000,46,fs4,True,48,48,0.000000,,,,0.961163,46,45.600000,47,46.666667,48,47.400000,48,46.800000,48,48.000000,48.000000,48.000000,48.000000,0.000000,0.000000,0,0.000000,Weight-sensitive,48.000000,48.000000,48,48,0,0.000000,0,0.000000,0,0.000000,Weight-sensitive,33.575000,47,47.600000,48
