model,feature_set,target,file,pipeline_contains_preprocessing,n_features,n_train,n_test,best_params,validation_split_used,r2_train,mae_train,mse_train,rmse_train,bias_train,ioa_train,ios_train,p20_train,ad_stat_train,r2_test,mae_test,mse_test,rmse_test,bias_test,ioa_test,ios_test,p20_test,ad_stat_test,cv_r2_mean,cv_r2_std,cv_r2_min,cv_r2_max,cv_mode,cv_folds,cv_repeats,train_cv_gap,cv_test_gap,abs_train_cv_gap,abs_cv_test_gap,possible_overfitting,possible_underfitting,high_cv_instability,holdout_sensitive,stable_generalization,generalization_diagnosis,rank_cv_r2,rank_cv_stability,rank_train_cv_gap,selection_rank_score,Selection Rank,rank_test_r2,rank_test_rmse,rank_test_mae,test_rank_score,Test Performance Rank
SVR,fs2,AC,SVR_fs2_AC.pkl,True,3,257,75,"{""kernel"": ""rbf"", ""gamma"": 0.1, ""epsilon"": 0.2, ""C"": 0.1}",False,0.43672531301735384,0.22401708811775775,0.11008219481123589,0.33178636923664584,-0.02462485214856827,0.7414014569981928,0.24948371970846217,47.85992217898833,15.960592467890876,0.34059130359159207,0.19218432482759026,0.05300891836241331,0.2302366572950826,0.11479960975415504,0.7704069417729824,0.18796016328728793,30.666666666666664,6.221667988973877,0.2789994379707864,0.24168105017803257,-0.10064707475880619,0.4586863547590757,group,5,1,0.15772587504656743,-0.06159186562080565,0.15772587504656743,0.06159186562080565,False,False,True,False,False,High CV instability,2.0,22.0,4.0,6.4,1,8.0,8.0,18.0,10.0,9
SVR,fs3,AC,SVR_fs3_AC.pkl,True,4,257,75,"{""kernel"": ""rbf"", ""gamma"": 0.1, ""epsilon"": 0.2, ""C"": 0.1}",False,0.45658110098568017,0.22424442872041575,0.1062017280163074,0.3258860660051414,-0.02341652225278081,0.7440623053182425,0.26283048149403265,47.85992217898833,14.513555102376131,0.3184473899931648,0.1920464417940673,0.05478903578360721,0.23407057863731445,0.10952720393675262,0.7483565655934159,0.17443800353526728,34.66666666666667,5.279441130841079,0.2835503075477345,0.25537270409842955,-0.16538465343670627,0.42861625999608066,group,5,1,0.17303079343794564,-0.03489708244543027,0.17303079343794564,0.03489708244543027,False,False,True,False,False,High CV instability,1.0,27.0,7.0,7.4,2,11.0,11.0,17.0,12.200000000000001,11
SVR,fs1,AC,SVR_fs1_AC.pkl,True,2,257,75,"{""kernel"": ""rbf"", ""gamma"": 0.1, ""epsilon"": 0.2, ""C"": 0.1}",False,0.4103021608910479,0.22393966513062355,0.11524613817158177,0.3394792161113575,-0.027700007037279057,0.7345794974647504,0.23208214038938235,49.0272373540856,19.65249300332266,0.3579777903550181,0.17743749777653872,0.051611243654039726,0.22718108119744418,0.09732100992493727,0.7691054817410569,0.19873711576974817,44.0,6.880614594027435,0.2601581937583264,0.2592532079813409,-0.12018788709384354,0.4998503728283338,group,5,1,0.1501439671327215,-0.0978195965966917,0.1501439671327215,0.0978195965966917,False,False,True,False,False,High CV instability,6.0,28.0,3.0,9.799999999999999,3,5.0,5.0,5.0,5.0,5
ANN,fs2,AC,ANN_fs2_AC.pkl,True,3,257,75,"{""solver"": ""adam"", ""max_iter"": 2000, ""learning_rate_init"": 0.003, ""hidden_layer_sizes"": [32], ""early_stopping"": true, ""batch_size"": 16, ""alpha"": 1.0, ""activation"": ""relu""}",False,0.4617678516292102,0.22130329334966467,0.10518806823720932,0.3243271006826431,-0.013143007479983367,0.7775682403421423,0.2663569339448578,49.80544747081712,10.585254446401734,0.3399698007060933,0.18512731096489196,0.05305888008705973,0.23034513254475278,0.11454343078688507,0.8001458651414984,0.1875775733684435,37.333333333333336,3.768776281246403,0.2608646311782065,0.2965720690039895,-0.07994428471273185,0.5484203013660223,group,5,1,0.20090322045100367,-0.07910516952788677,0.20090322045100367,0.07910516952788677,True,False,True,False,False,Overfitting with high CV instability,3.0,29.0,12.0,10.0,4,9.0,9.0,10.0,9.2,7
EN,fs2,AC,EN_fs2_AC.pkl,True,3,257,75,"{""selection"": ""random"", ""max_iter"": 10000, ""l1_ratio"": 0.9, ""alpha"": 0.01}",False,0.4366407740194155,0.226402261513407,0.11009871648113384,0.3318112663565447,0.0,0.767780527531797,0.24942740125915563,47.85992217898833,11.616020110944476,0.24855157380506943,0.19423280695496117,0.06040786009449288,0.24578010516413423,0.12175175646359601,0.7760943310962513,0.1331387503210617,41.333333333333336,3.5119842996990087,0.2604424416283598,0.37982818707196286,-0.1797245138446053,0.6048837213508493,group,5,1,0.1761983323910557,0.011890867823290352,0.1761983323910557,0.011890867823290352,False,False,True,False,False,High CV instability,4.0,38.0,9.0,11.8,5,24.0,24.0,20.0,23.2,23
LASSO,fs2,AC,LASSO_fs2_AC.pkl,True,3,257,75,"{""alpha"": 0.01, ""max_iter"": 10000, ""selection"": ""random""}",False,0.43648750019522464,0.22669825435873392,0.11012867117173855,0.331856401432515,2.764757726692997e-17,0.7670209880642137,0.24932530360696503,47.47081712062256,11.63324051076279,0.2496438347331904,0.1943780511022804,0.060320054806687944,0.2456014145046562,0.12185347526474623,0.7756303840643033,0.13376898851010322,41.333333333333336,3.523603236834205,0.2602931490451012,0.37693808213585456,-0.17521199640616736,0.6039111874368601,group,5,1,0.17619435115012344,0.010649314311910796,0.17619435115012344,0.010649314311910796,False,False,True,False,False,High CV instability,5.0,37.0,8.0,12.0,6,23.0,23.0,21.0,22.599999999999998,22
GBR,fs2,AC,GBR_fs2_AC.pkl,True,3,257,75,"{""subsample"": 0.75, ""n_estimators"": 300, ""min_samples_split"": 8, ""min_samples_leaf"": 4, ""max_depth"": 1, ""loss"": ""huber"", ""learning_rate"": 0.01}",False,0.4602307431744699,0.2136654331659191,0.10548846922498872,0.32478988473317444,-0.043149937210076934,0.7562007193089035,0.2653100947845205,54.474708171206224,14.654246553121823,0.3958460084640564,0.17430831981181905,0.048567071969308394,0.22037938190608575,0.0885913808506291,0.7953198379375944,0.2227265657852806,44.0,4.0083766021065514,0.23245488384032237,0.24551936552598588,-0.17575848120785076,0.4426681981684357,group,5,1,0.2277758593341475,-0.163391124623734,0.2277758593341475,0.163391124623734,True,False,True,False,False,Overfitting with high CV instability,9.0,23.0,17.0,13.4,7,4.0,4.0,4.0,4.0,3
ET,fs2,AC,ET_fs2_AC.pkl,True,3,257,75,"{""n_estimators"": 400, ""min_samples_split"": 8, ""min_samples_leaf"": 2, ""max_features"": ""sqrt"", ""max_depth"": 5, ""bootstrap"": true}",False,0.4558142089937899,0.23921417742466453,0.10635160365531876,0.326115935911324,5.004089174465629e-05,0.7096267789464222,0.2623105050183986,42.023346303501945,12.892073070934373,0.3157968287640438,0.20795308734085996,0.055002110595289755,0.23452528775228004,0.14138129713196096,0.7483911928331515,0.17283425407240405,30.666666666666664,4.352264653852799,0.18269285150946252,0.15872881866228197,-0.07355586236451517,0.31359661097800995,group,5,1,0.27312135748432737,-0.13310397725458128,0.27312135748432737,0.13310397725458128,True,False,False,False,False,Possible overfitting,13.0,3.0,25.0,13.4,7,12.0,12.0,33.0,16.2,17
RIDGE,fs3,AC,RIDGE_fs3_AC.pkl,True,4,257,75,"{""alpha"": 100.0, ""solver"": ""auto""}",False,0.39176606287198623,0.24985435595468486,0.1188686946264174,0.3447733960537231,6.911894316732492e-18,0.6906168706657729,0.22010645782388105,38.91050583657588,13.315930486146499,0.22380121571323752,0.21420581275157738,0.06239750584632541,0.2497949275832586,0.13838032110896528,0.7206788708823704,0.11897855628437592,30.666666666666664,3.9667878864387234,0.18510772402326436,0.23058450157966517,-0.11974461471706888,0.4384314544319975,group,5,1,0.20665833884872187,-0.03869349168997316,0.20665833884872187,0.03869349168997316,True,True,True,False,False,Possible underfitting,12.0,19.0,13.0,13.6,9,31.0,31.0,35.0,31.799999999999997,32
RIDGE,fs2,AC,RIDGE_fs2_AC.pkl,True,3,257,75,"{""alpha"": 10.0, ""solver"": ""auto""}",False,0.43689870139566356,0.22567184515784944,0.11004830908251384,0.3317352997233093,-8.98546261175224e-17,0.7692037012011916,0.2495992413354471,48.63813229571984,11.71691832761121,0.2478487256024936,0.19389895588371533,0.0604643610523881,0.24589502038957214,0.1214506698708602,0.7772342962340331,0.13273344674344412,41.333333333333336,3.5040313027076593,0.2564822863563787,0.38048152551095465,-0.1785590862143227,0.6051760650846116,group,5,1,0.18041641503928485,0.008633560753885106,0.18041641503928485,0.008633560753885106,False,False,True,False,False,High CV instability,7.0,39.0,10.0,14.0,10,25.0,25.0,19.0,23.8,25
MLR,fs2,AC,MLR_fs2_AC.pkl,True,3,257,75,"{""fit_intercept"": true}",False,0.4376078263950416,0.22333328330340269,0.10990972299275857,0.33152635339103675,-9.676652043425489e-17,0.775895852697016,0.25007188770858935,50.19455252918288,11.501213047571127,0.24181371451654676,0.1914173809488049,0.06094950692885843,0.24687953930785442,0.11872511585305096,0.7824745848207553,0.12926106927308378,44.0,3.438772685805006,0.24804078273728547,0.41265861411430504,-0.24758529520507033,0.632068479170799,group,5,1,0.18956704365775612,0.006227068220738707,0.18956704365775612,0.006227068220738707,False,False,True,False,False,High CV instability,8.0,43.0,11.0,15.599999999999998,11,26.0,26.0,15.0,23.8,25
GBR,fs1,AC,GBR_fs1_AC.pkl,True,2,257,75,"{""subsample"": 0.75, ""n_estimators"": 100, ""min_samples_split"": 4, ""min_samples_leaf"": 8, ""max_depth"": 1, ""loss"": ""huber"", ""learning_rate"": 0.025}",False,0.4427054787496826,0.2092246102736866,0.10891347591730488,0.33002041742489946,-0.048162760301017904,0.7738006865741957,0.2534783852758733,56.42023346303502,18.465550001592305,0.40266400034954675,0.17136163992563436,0.048018983390522484,0.21913234218280625,0.0817587237609017,0.8057101677480495,0.22712484860072424,40.0,6.68993307851521,0.22821979767262088,0.3181445600219228,-0.12967584531267273,0.5211708977587667,group,5,1,0.2144856810770617,-0.17444420267692587,0.2144856810770617,0.17444420267692587,True,False,True,False,False,Overfitting with high CV instability,10.0,34.0,14.0,15.600000000000001,12,3.0,3.0,3.0,3.0,2
ANN,fs3,AC,ANN_fs3_AC.pkl,True,4,257,75,"{""solver"": ""adam"", ""max_iter"": 2000, ""learning_rate_init"": 0.001, ""hidden_layer_sizes"": [16], ""early_stopping"": true, ""batch_size"": 16, ""alpha"": 1.0, ""activation"": ""relu""}",False,0.4601600665961232,0.22001093589853268,0.10550228172721181,0.324811147787775,-0.042581783387106144,0.7781857684536281,0.26526199676083395,52.14007782101168,8.944322371792907,0.2784298065395201,0.18403759728550648,0.05800599186245377,0.24084433118189386,0.0899750612183566,0.7752960579974616,0.15054712110648538,46.666666666666664,4.366042822450822,0.19468033553256978,0.3491106825975635,-0.31735242871412783,0.45601644805996655,group,5,1,0.2654797310635534,-0.08374947100695032,0.2654797310635534,0.08374947100695032,True,False,True,False,False,Overfitting with high CV instability,11.0,35.0,22.0,18.0,13,17.0,17.0,9.0,15.4,15
GBR,fs3,AC,GBR_fs3_AC.pkl,True,4,257,75,"{""subsample"": 0.75, ""n_estimators"": 300, ""min_samples_split"": 8, ""min_samples_leaf"": 4, ""max_depth"": 1, ""loss"": ""huber"", ""learning_rate"": 0.01}",False,0.42598482003562,0.22850464401952922,0.11218123648327957,0.3349346749491303,-0.04160413846818474,0.7234403358709254,0.24236210498393096,47.081712062256805,12.184389060158765,0.23161041967420637,0.20584404069485251,0.06176973515191824,0.248535178902139,0.12790828271306626,0.7433708154614584,0.12342166332620697,34.66666666666667,3.2784604298899325,0.16464509983069736,0.23330291282030757,-0.19529134074796373,0.41438847302176274,group,5,1,0.26133972020492263,-0.06696531984350901,0.26133972020492263,0.06696531984350901,True,False,True,False,False,Overfitting with high CV instability,16.0,21.0,21.0,18.0,13,28.0,28.0,30.0,28.4,29
ET,fs3,AC,ET_fs3_AC.pkl,True,4,257,75,"{""n_estimators"": 200, ""min_samples_split"": 4, ""min_samples_leaf"": 2, ""max_features"": 0.5, ""max_depth"": 5, ""bootstrap"": false}",False,0.5828432289707215,0.21004364864699385,0.08152600142794264,0.28552758435559716,7.603083748405741e-17,0.8107544636651779,0.3541232539955641,46.30350194552529,9.96968621987736,0.2554876877167478,0.21190414614669442,0.05985027585561467,0.24464316024694963,0.13709366846077525,0.73200248724788,0.13714873107629244,28.000000000000004,4.511912196145715,0.1801578589340296,0.2143302598427535,-0.17331896692455873,0.33705895769882066,group,5,1,0.4026853700366919,-0.07532982878271818,0.4026853700366919,0.07532982878271818,True,False,True,False,False,Overfitting with high CV instability,14.0,15.0,39.0,19.200000000000003,15,21.0,21.0,34.0,23.6,24
ET,fs1,AC,ET_fs1_AC.pkl,True,2,257,75,"{""n_estimators"": 200, ""min_samples_split"": 4, ""min_samples_leaf"": 4, ""max_features"": 1.0, ""max_depth"": 3, ""bootstrap"": true}",False,0.41050826605519075,0.2411867372810048,0.11520585851876741,0.33941988527304556,-0.0015931993935251615,0.7075734282122779,0.23221634951973003,38.91050583657588,17.73816320591436,0.27603206704953986,0.2031791075723437,0.058198742697513996,0.24124415577898253,0.13181674454129716,0.7225266398920811,0.14913694818116574,37.333333333333336,5.55620458037636,0.14162736022662914,0.18284846256299564,-0.12308889803108158,0.3279083193040703,group,5,1,0.2688809058285616,-0.13440470682291072,0.2688809058285616,0.13440470682291072,True,False,False,False,False,Possible overfitting,21.0,9.0,24.0,19.200000000000003,15,18.0,18.0,27.0,19.799999999999997,19
SVR,fs4,AC,SVR_fs4_AC.pkl,True,2,257,75,"{""kernel"": ""rbf"", ""gamma"": ""scale"", ""epsilon"": 0.2, ""C"": 0.1}",False,0.21852950283572992,0.2648127690269306,0.1527247531198236,0.390800144728509,-0.0518199105899537,0.5782957984437973,0.11599180028448264,40.856031128404666,19.292667550412943,0.1858566490005502,0.20361478408382738,0.06544781508568706,0.2558277058601884,0.08502041927532361,0.6530020102501728,0.09770107447728282,38.666666666666664,5.4432065178414035,0.09598263950923624,0.16640840367392884,-0.11987169708707768,0.3014442382326187,group,5,1,0.12254686332649367,-0.08987400949131397,0.12254686332649367,0.08987400949131397,False,True,False,False,False,Possible underfitting,30.0,5.0,2.0,19.4,17,34.0,34.0,28.0,32.8,34
XGB,fs1,AC,XGB_fs1_AC.pkl,True,2,257,75,"{""subsample"": 1.0, ""reg_lambda"": 1.0, ""reg_alpha"": 1.0, ""n_estimators"": 400, ""min_child_weight"": 1, ""max_depth"": 2, ""learning_rate"": 0.01, ""gamma"": 0.25, ""colsample_bytree"": 1.0}",False,0.46349581486002134,0.22519157847494164,0.10485036801847632,0.3238060654442352,-0.0022132780285100675,0.7622654163228199,0.2675355400157775,45.13618677042802,15.625039629451464,0.30924338132169704,0.2025389848548645,0.05552893282610936,0.23564577829044456,0.13223771391767458,0.7694555340141886,0.16888230756510603,29.333333333333332,5.715017738417004,0.1693025106388234,0.2467333974648602,-0.09631413008649337,0.4381288130485598,group,5,1,0.29419330422119794,-0.13994087068287364,0.29419330422119794,0.13994087068287364,True,False,True,False,False,Overfitting with high CV instability,15.0,24.0,32.0,20.200000000000003,18,13.0,13.0,26.0,15.600000000000001,16
XGB,fs2,AC,XGB_fs2_AC.pkl,True,3,257,75,"{""subsample"": 1.0, ""reg_lambda"": 10.0, ""reg_alpha"": 0.0, ""n_estimators"": 600, ""min_child_weight"": 1, ""max_depth"": 2, ""learning_rate"": 0.05, ""gamma"": 0.1, ""colsample_bytree"": 0.6}",False,0.5444082688343892,0.20528719066892975,0.08903744276743278,0.2983914254254515,-6.026314757821714e-07,0.8171250084627285,0.3250246440309018,57.97665369649806,8.671387661911695,0.26961382688497615,0.19926612371087035,0.05871469580939562,0.2423111549421438,0.12775964397647177,0.8023254909001436,0.14537366462586465,42.66666666666667,2.4081098061987944,0.163619361677096,0.2203277650205892,-0.16169454969573493,0.39060536276972435,group,5,1,0.3807889071572932,-0.10599446520788014,0.3807889071572932,0.10599446520788014,True,False,True,False,False,Overfitting with high CV instability,17.0,17.0,37.0,21.0,19,19.0,19.0,24.0,20.0,20
RIDGE,fs1,AC,RIDGE_fs1_AC.pkl,True,2,257,75,"{""alpha"": 100.0, ""solver"": ""auto""}",False,0.3431817381811646,0.25747702905633396,0.1283636519163269,0.358278734948541,6.566299600895868e-17,0.6543089727049686,0.18955674978513426,38.52140077821012,18.044569939806365,0.21892316839520864,0.20681337562273222,0.06278964506659622,0.25057862052975755,0.12268276238945627,0.6815711801097933,0.11621448778292842,36.0,5.018114196201324,0.1167459344689588,0.2102834918805644,-0.13373828910076058,0.3585242403725819,group,5,1,0.22643580371220579,-0.10217723392624985,0.22643580371220579,0.10217723392624985,True,True,True,False,False,Possible underfitting,26.0,12.0,16.0,21.2,20,33.0,33.0,31.0,32.6,33
XGB,fs3,AC,XGB_fs3_AC.pkl,True,4,257,75,"{""subsample"": 0.6, ""reg_lambda"": 1.0, ""reg_alpha"": 0.1, ""n_estimators"": 200, ""min_child_weight"": 1, ""max_depth"": 4, ""learning_rate"": 0.01, ""gamma"": 0.1, ""colsample_bytree"": 0.6}",False,0.6047173037799283,0.2046342246132826,0.07725109573785821,0.2779408133719447,-0.007345278066642197,0.8184765044680488,0.3712848846893597,52.14007782101168,10.134537523472602,0.21994448758456875,0.21622353495430421,0.06270754268331612,0.2504147413458643,0.13420034625588054,0.7068613623127726,0.11679248620981986,29.333333333333332,4.33188900304765,0.14691612954947247,0.15630895842067308,-0.11148327556812543,0.29704211925336965,group,5,1,0.4578011742304558,-0.07302835803509627,0.4578011742304558,0.07302835803509627,True,False,False,False,False,Possible overfitting,20.0,2.0,44.0,21.200000000000003,21,32.0,32.0,36.0,32.800000000000004,35
EN,fs1,AC,EN_fs1_AC.pkl,True,2,257,75,"{""selection"": ""cyclic"", ""max_iter"": 10000, ""l1_ratio"": 0.25, ""alpha"": 0.1}",False,0.3629187615302114,0.2460471495976671,0.12450639559092304,0.3528546380464951,-2.0735682950197477e-17,0.6959687362738363,0.20182631058785916,41.245136186770424,18.015853325888713,0.23607547119625327,0.20152043299454223,0.06141079607073033,0.2478120176075614,0.11947636472782981,0.7155255868318751,0.125972237967382,32.0,5.552739420812713,0.13375150899001392,0.30843654720892466,-0.205325881294933,0.44026921932455165,group,5,1,0.22916725254019749,-0.10232396220623935,0.22916725254019749,0.10232396220623935,True,True,True,False,False,Possible underfitting,22.0,32.0,18.0,23.200000000000003,22,27.0,27.0,25.0,26.6,27
EN,fs3,AC,EN_fs3_AC.pkl,True,4,257,75,"{""selection"": ""cyclic"", ""max_iter"": 10000, ""l1_ratio"": 0.1, ""alpha"": 0.1}",False,0.42373746734836715,0.2365655519507064,0.11262044229537271,0.33558969336881117,-3.455947158366246e-18,0.7397760254895411,0.24088042269242405,43.190661478599225,11.432788162696625,0.2288201810278887,0.2043134498744877,0.061994038430628264,0.2489860205526171,0.13314153777353943,0.7525100871989157,0.1218315543290619,36.0,3.523922461712047,0.15700046301197096,0.40299877647053756,-0.32917715278671467,0.5362431341662102,group,5,1,0.2667370043363962,-0.07181971801591774,0.2667370043363962,0.07181971801591774,True,False,True,False,False,Overfitting with high CV instability,18.0,40.0,23.0,23.4,23,30.0,30.0,29.0,29.8,31
ANN,fs1,AC,ANN_fs1_AC.pkl,True,2,257,75,"{""solver"": ""adam"", ""max_iter"": 2000, ""learning_rate_init"": 0.003, ""hidden_layer_sizes"": [16], ""early_stopping"": true, ""batch_size"": 16, ""alpha"": 1.0, ""activation"": ""relu""}",False,0.3524953914822405,0.238464996566618,0.1265434611270239,0.3557294774502443,-0.037774643058997005,0.6863731868317361,0.19532328943993948,46.69260700389105,17.779821913300907,0.3054535565099421,0.18052840458133704,0.05583359140150937,0.2362913273937691,0.0886831803502238,0.7203785392429053,0.16660546948635546,46.666666666666664,4.817655538272902,0.12861656405720065,0.29866857805666774,-0.21265618008414466,0.4396014266729228,group,5,1,0.22387882742503987,-0.17683699245274145,0.22387882742503987,0.17683699245274145,True,True,True,False,False,Possible underfitting,24.0,30.0,15.0,23.4,23,15.0,15.0,7.0,13.4,13
RF,fs2,AC,RF_fs2_AC.pkl,True,3,257,75,"{""n_estimators"": 400, ""min_samples_split"": 12, ""min_samples_leaf"": 2, ""max_features"": 0.5, ""max_depth"": 3}",False,0.5241729759699517,0.21550054423251855,0.09299207716277186,0.3049460233594986,-0.0009019982250763971,0.7852088869837306,0.31019783703582926,49.416342412451364,10.871613592408153,0.40649100437849073,0.19002025719921328,0.04771133603123247,0.21842924719742196,0.129234767730223,0.8169886946259732,0.22960464979238782,34.66666666666667,3.1654324441987853,0.13311881733311665,0.20031122949309535,-0.11768932232146034,0.35451906299341696,group,5,1,0.39105415863683507,-0.2733721870453741,0.39105415863683507,0.2733721870453741,True,False,True,True,False,Overfitting with high CV instability,23.0,11.0,38.0,23.6,25,2.0,2.0,12.0,4.0,3
GBR,fs4,AC,GBR_fs4_AC.pkl,True,2,257,75,"{""subsample"": 0.6, ""n_estimators"": 100, ""min_samples_split"": 4, ""min_samples_leaf"": 2, ""max_depth"": 2, ""loss"": ""huber"", ""learning_rate"": 0.01}",False,0.19327168810443485,0.26863307405031306,0.1576609516496222,0.3970654248982429,-0.08288139806148513,0.5262082779285214,0.10181944359969308,38.91050583657588,17.247220253647413,0.26413828473895073,0.19063845908405072,0.05915486678103965,0.2432177353340822,0.05235776713496093,0.6079585744967142,0.14217617469491473,41.333333333333336,4.772982507606997,0.03462289525349529,0.1696016827266942,-0.11112278839571377,0.3005832766250315,group,5,1,0.15864879285093955,-0.22951538948545544,0.15864879285093955,0.22951538948545544,False,True,False,True,False,Possible underfitting,36.0,6.0,5.0,23.799999999999997,26,20.0,20.0,14.0,18.8,18
DT,fs1,AC,DT_fs1_AC.pkl,True,2,257,75,"{""splitter"": ""random"", ""min_samples_split"": 20, ""min_samples_leaf"": 2, ""max_features"": null, ""max_depth"": 8, ""criterion"": ""squared_error"", ""ccp_alpha"": 0.005}",False,0.4229289165973602,0.23086187434249192,0.11277845941090105,0.33582504285848164,-7.603083748405741e-17,0.7668816202793564,0.2403480511427356,45.525291828793776,16.39384924414111,0.12943417418647674,0.2215567432176268,0.06998353682777964,0.2645440168058609,0.1404916017478803,0.745939324150638,0.06695882951848087,26.666666666666668,3.635240662453384,0.14696289830987858,0.4484988935352933,-0.44795816592843796,0.594455470326221,group,5,1,0.27596601828748163,0.01752872412340184,0.27596601828748163,0.01752872412340184,True,False,True,False,False,Overfitting with high CV instability,19.0,45.0,28.0,26.0,27,37.0,37.0,38.0,37.2,37
ANN,fs4,AC,ANN_fs4_AC.pkl,True,2,257,75,"{""solver"": ""adam"", ""max_iter"": 2000, ""learning_rate_init"": 0.0005, ""hidden_layer_sizes"": [32, 16], ""early_stopping"": true, ""batch_size"": 16, ""alpha"": 0.001, ""activation"": ""relu""}",False,0.19418009053927177,0.28908633676593376,0.157483420267315,0.39684180761017984,-0.011719228873525478,0.5654631216777763,0.10232527636079203,34.63035019455253,15.717280578400562,0.09245664544227439,0.22363356396890452,0.07295610727327342,0.2701038823735665,0.12873902709364238,0.6317198085016293,0.04734930086745548,32.0,4.537783394473536,0.02611177041080077,0.22079026837396915,-0.2102227172826756,0.35674941211620437,group,5,1,0.168068320128471,-0.06634487503147361,0.168068320128471,0.06634487503147361,False,True,True,False,False,Possible underfitting,38.0,18.0,6.0,27.6,28,38.0,38.0,39.0,38.2,38
RF,fs3,AC,RF_fs3_AC.pkl,True,4,257,75,"{""n_estimators"": 400, ""min_samples_split"": 8, ""min_samples_leaf"": 2, ""max_features"": ""sqrt"", ""max_depth"": 10}",False,0.7699152338560973,0.14593856581573794,0.04496604700173768,0.2120519912703903,-0.0015413352007493664,0.9212277064739123,0.5203284809956894,73.54085603112841,7.8249534784491175,0.27843070434465433,0.17972846003995804,0.05800591968918804,0.24084418134799945,0.10085759939192177,0.7845893211750913,0.15054764956747235,48.0,2.66956905696118,0.11292119785596164,0.2312314156410466,-0.23526945822617562,0.3483867899965476,group,5,1,0.6569940360001356,-0.1655095064886927,0.6569940360001356,0.1655095064886927,True,False,True,False,False,Overfitting with high CV instability,27.0,20.0,47.0,29.6,29,16.0,16.0,6.0,14.0,14
XGB,fs4,AC,XGB_fs4_AC.pkl,True,2,257,75,"{""subsample"": 0.6, ""reg_lambda"": 20.0, ""reg_alpha"": 1.0, ""n_estimators"": 600, ""min_child_weight"": 1, ""max_depth"": 2, ""learning_rate"": 0.01, ""gamma"": 0.0, ""colsample_bytree"": 0.6}",False,0.24669645150415542,0.28096058488577985,0.1472200151967235,0.38369260508475206,-0.010449478689557035,0.5606831100718059,0.13206938728038597,33.46303501945525,13.039821505500072,0.04679221176968651,0.2323567259836975,0.07662700553379138,0.27681583324259357,0.13434534051476116,0.6289706482997326,0.02367639164551938,29.333333333333332,3.6772625165761355,-0.04232384831594573,0.1559312294824271,-0.2153512408384748,0.2079016006215222,group,5,1,0.28902029982010113,-0.08911606008563225,0.28902029982010113,0.08911606008563225,True,True,False,False,False,Possible underfitting,39.0,1.0,31.0,29.799999999999997,30,39.0,39.0,43.0,39.8,39
ET,fs4,AC,ET_fs4_AC.pkl,True,2,257,75,"{""n_estimators"": 600, ""min_samples_split"": 20, ""min_samples_leaf"": 2, ""max_features"": 0.5, ""max_depth"": 3, ""bootstrap"": false}",False,0.1937477183100199,0.29772907478787003,0.15756791986417495,0.3969482584218943,3.6287445162845584e-17,0.44497589734186294,0.10208447964745582,31.906614785992215,18.150078637336435,-0.008234132991367993,0.24112231594629663,0.08105049438540665,0.2846936851870913,0.1422706251122672,0.5562359465944056,-0.004108626091504197,34.66666666666667,3.384611259594905,-0.04308546786314538,0.1896322809615472,-0.3159439179869359,0.2067441657291741,group,5,1,0.2368331861731653,-0.034851334871777384,0.2368331861731653,0.034851334871777384,True,True,False,False,False,Possible underfitting,40.0,10.0,19.0,29.8,31,40.0,40.0,47.0,41.4,42
DT,fs4,AC,DT_fs4_AC.pkl,True,2,257,75,"{""splitter"": ""random"", ""min_samples_split"": 4, ""min_samples_leaf"": 2, ""max_features"": null, ""max_depth"": 4, ""criterion"": ""absolute_error"", ""ccp_alpha"": 0.001}",False,-0.03426807673271792,0.28628672022178986,0.20212962261774967,0.44958828122822514,-0.15713249445914396,0.4573859191849695,-0.016989713189232925,48.63813229571984,14.976788170482848,-0.04440015570043587,0.20717075339333335,0.08395782902585062,0.2897547739483348,-0.012571475259999965,0.4826069041282086,-0.021958979460739325,56.00000000000001,2.1045270889894994,-0.10881844586961928,0.25241234958610637,-0.3352430125633723,0.28695259948032803,group,5,1,0.07455036913690136,-0.0644182901691834,0.07455036913690136,0.0644182901691834,False,True,True,False,False,Possible underfitting,42.0,26.0,1.0,30.599999999999998,32,42.0,42.0,32.0,40.0,40
LASSO,fs3,AC,LASSO_fs3_AC.pkl,True,4,257,75,"{""alpha"": 0.01, ""max_iter"": 10000, ""selection"": ""random""}",False,0.4344558823414001,0.22883802078515025,0.11052571538042602,0.3324540801079542,1.3823788633464984e-17,0.7625610232689438,0.2479733264979227,47.85992217898833,11.05770618251978,0.2298910971741076,0.1978260614986697,0.061907949019194795,0.24881308048250758,0.12642926170681523,0.7699488875017106,0.12244151031062755,42.66666666666667,3.5439469325432498,0.11905219788253718,0.5235955074480149,-0.5797395738058051,0.5799132924193188,group,5,1,0.3154036844588629,-0.11083889929157043,0.3154036844588629,0.11083889929157043,True,False,True,False,False,Overfitting with high CV instability,25.0,47.0,33.0,31.0,33,29.0,29.0,23.0,27.8,28
LASSO,fs1,AC,LASSO_fs1_AC.pkl,True,2,257,75,"{""alpha"": 0.01, ""max_iter"": 10000, ""selection"": ""cyclic""}",False,0.3826102162707695,0.23570145465385767,0.12065804485377456,0.3473586688910679,2.0735682950197477e-17,0.7314411301270647,0.21425844978820774,43.190661478599225,18.02710572621936,0.3073967466586419,0.18828813977547296,0.055677381135378345,0.23596054995566176,0.10585802164552398,0.7541800294703302,0.1677721145375155,40.0,7.026912638096903,0.10794148010829771,0.4167394990000934,-0.4205502626151907,0.5523935674651864,group,5,1,0.2746687361624718,-0.1994552665503442,0.2746687361624718,0.1994552665503442,True,True,True,False,False,Possible underfitting,28.0,44.0,27.0,31.0,33,14.0,14.0,11.0,13.399999999999999,12
KNN,fs3,AC,KNN_fs3_AC.pkl,True,4,257,75,"{""n_neighbors"": 9, ""p"": 1, ""weights"": ""uniform""}",False,0.6743836287730827,0.16777772828966708,0.06363602987938556,0.25226182802672614,-0.029618348569822733,0.8898457814644407,0.4293719501926694,68.8715953307393,7.766649939164097,0.17788099607508356,0.16960692961481483,0.06608896637337217,0.25707774383126236,0.05396387451555557,0.7460637407595248,0.09329221690507339,57.333333333333336,3.644888183890572,0.07090390499457574,0.2117865740932064,-0.19713289596027872,0.33076677101747753,group,5,1,0.6034797237785069,-0.10697709108050782,0.6034797237785069,0.10697709108050782,True,False,True,False,False,Overfitting with high CV instability,32.0,13.0,46.0,31.0,33,35.0,35.0,2.0,28.4,29
DT,fs2,AC,DT_fs2_AC.pkl,True,3,257,75,"{""splitter"": ""best"", ""min_samples_split"": 12, ""min_samples_leaf"": 2, ""max_features"": null, ""max_depth"": 3, ""criterion"": ""squared_error"", ""ccp_alpha"": 0.005}",False,0.48597843792292317,0.22096960769534196,0.10045653220608484,0.31694878483137434,2.488281954023697e-16,0.7983257868903262,0.28304702938262627,52.14007782101168,7.113089853596819,-0.09165425808350536,0.22502124197247406,0.08775651847164744,0.2962372671890683,0.15453629952238598,0.7614615467328156,-0.044822596464828335,42.66666666666667,3.0156877353202844,0.03168683182629843,0.1659460597401231,-0.20901563364965625,0.21224359868815423,group,5,1,0.4542916060966247,0.12334108990980379,0.4542916060966247,0.12334108990980379,True,False,False,False,False,Possible overfitting,37.0,4.0,43.0,31.6,36,46.0,46.0,41.0,45.0,45
MLR,fs1,AC,MLR_fs1_AC.pkl,True,2,257,75,"{""fit_intercept"": true}",False,0.3848320063351425,0.23368487639102434,0.1202238348096376,0.34673308871470226,4.147136590039495e-17,0.7408351354831663,0.21567354139691453,45.525291828793776,17.419517906730903,0.3339469637035529,0.1828608979502471,0.05354304730644388,0.23139370628097014,0.0989277423511114,0.7678816683718634,0.1838792759055513,41.333333333333336,7.229874677493299,0.09745817362343756,0.46160839419104394,-0.5009997383754246,0.5922552943320271,group,5,1,0.2873738327117049,-0.23648879008011536,0.2873738327117049,0.23648879008011536,True,True,True,True,False,Possible underfitting,29.0,46.0,30.0,32.6,37,10.0,10.0,8.0,9.6,8
RIDGE,fs4,AC,RIDGE_fs4_AC.pkl,True,2,257,75,"{""alpha"": 100.0, ""solver"": ""auto""}",False,0.1318989950152577,0.30976715155643614,0.1696551720768241,0.4118921850154772,3.974339232121183e-17,0.41525873945920255,0.06828061897117199,31.517509727626457,18.349182198683422,-0.1086626705351772,0.2476782431344111,0.0891238003289169,0.2985360955209887,0.13742443241957414,0.5038317680532335,-0.052930515530430045,37.333333333333336,2.771788555131124,-0.12829065942464418,0.2139424168385619,-0.47500515289986667,0.08288885252123901,group,5,1,0.2601896544399019,-0.019627988889466985,0.2601896544399019,0.019627988889466985,True,True,True,False,False,Possible underfitting,43.0,14.0,20.0,32.6,37,47.0,47.0,48.0,47.2,48
EN,fs4,AC,EN_fs4_AC.pkl,True,2,257,75,"{""selection"": ""random"", ""max_iter"": 10000, ""l1_ratio"": 0.1, ""alpha"": 0.1}",False,0.1419606075771701,0.3056895971972874,0.16768880571996037,0.40949823652851103,4.3199339479578076e-17,0.4494536901866709,0.07369584238068438,33.07392996108949,19.029975700589148,-0.07183212592400467,0.24100166769095813,0.08616304572684585,0.2935354249947455,0.12980026046719434,0.5254046599900752,-0.03529325600237776,38.666666666666664,3.1183917690723746,-0.13135791561136098,0.17892144441356286,-0.4165090453301026,0.008898743823389177,group,5,1,0.2733185231885311,-0.059525789687356306,0.2733185231885311,0.059525789687356306,True,True,False,False,False,Possible underfitting,44.0,7.0,26.0,33.0,39,44.0,44.0,46.0,44.400000000000006,44
KNN,fs1,AC,KNN_fs1_AC.pkl,True,2,257,75,"{""n_neighbors"": 15, ""p"": 2, ""weights"": ""uniform""}",False,0.46080986932966717,0.22009444480622567,0.10537528913770623,0.3246156021168826,-0.014116923422049319,0.7706763808892436,0.26570433021136985,54.474708171206224,12.050304297653383,0.34291126550841333,0.19165741033866662,0.05282241995479067,0.22983128584853427,0.11701340906933332,0.7993092729397023,0.1893898998337199,38.666666666666664,3.982604651439658,0.04712800998627642,0.2474699383253383,-0.19850259527821668,0.39246714460077103,group,5,1,0.41368185934339075,-0.2957832555221369,0.41368185934339075,0.2957832555221369,True,False,True,True,False,Overfitting with high CV instability,35.0,25.0,40.0,34.0,40,6.0,6.0,16.0,8.0,6
LASSO,fs4,AC,LASSO_fs4_AC.pkl,True,2,257,75,"{""alpha"": 0.01, ""max_iter"": 10000, ""selection"": ""random""}",False,0.14415729021236323,0.3034043704264367,0.16725950248412502,0.4089737185738529,4.3199339479578076e-17,0.4713093139034197,0.07488232651860072,33.46303501945525,19.221072203047243,-0.07372702075939741,0.24039850076033162,0.08631537360207982,0.2937947814411955,0.1285799892397779,0.5376441322090035,-0.03620800072157215,34.66666666666667,3.1968187815467672,-0.1421162799916656,0.18148707833292654,-0.4279933456242231,0.018584930476567174,group,5,1,0.2862735702040288,-0.06838925923226818,0.2862735702040288,0.06838925923226818,True,True,False,False,False,Possible underfitting,46.0,8.0,29.0,35.0,41,45.0,45.0,45.0,45.0,45
MLR,fs3,AC,MLR_fs3_AC.pkl,True,4,257,75,"{""fit_intercept"": true}",False,0.4377030315607817,0.22320533303495443,0.10989111680674622,0.33149829080516574,2.0735682950197477e-17,0.7761466408963826,0.2501353665899302,49.80544747081712,11.628814873345448,0.2509304724536122,0.19036218587742085,0.06021662384762519,0.24539075746169656,0.11714150404797252,0.783384645205937,0.1345119714598083,44.0,3.405246183632343,0.07830710299161994,0.6420614848388193,-0.8117468745042027,0.6128908146510883,group,5,1,0.3593959285691618,-0.17262336946199228,0.3593959285691618,0.17262336946199228,True,False,True,False,False,Overfitting with high CV instability,31.0,48.0,35.0,35.2,42,22.0,22.0,13.0,20.200000000000003,21
RF,fs1,AC,RF_fs1_AC.pkl,True,2,257,75,"{""n_estimators"": 600, ""min_samples_split"": 8, ""min_samples_leaf"": 6, ""max_features"": ""sqrt"", ""max_depth"": 3}",False,0.4853916913104266,0.21772566140174143,0.10057120157858528,0.3171296289825113,-0.000703137634129865,0.7920972700011211,0.28263795145716464,51.36186770428015,13.685787132175335,0.3408372028555965,0.19613926641000679,0.05298915087362831,0.23019372466170382,0.12376825556607647,0.7935105797364493,0.18811158578016174,36.0,4.307769029331311,0.06852628931489083,0.3671195660629254,-0.3179272199553611,0.5309886559900211,group,5,1,0.4168654019955358,-0.2723109135407057,0.4168654019955358,0.2723109135407057,True,False,True,True,False,Overfitting with high CV instability,33.0,36.0,41.0,35.2,42,7.0,7.0,22.0,10.0,9
DT,fs3,AC,DT_fs3_AC.pkl,True,4,257,75,"{""splitter"": ""best"", ""min_samples_split"": 4, ""min_samples_leaf"": 6, ""max_features"": ""log2"", ""max_depth"": 4, ""criterion"": ""absolute_error"", ""ccp_alpha"": 0.001}",False,0.4231380233552634,0.20418957408560312,0.11273759314903661,0.33576419277379266,-0.05683623190272372,0.8092495433490143,0.24048569687942245,61.08949416342413,11.834808461660998,-0.30705385307923394,0.22370910619999998,0.10507218265475007,0.3241483960391445,0.05478831509333336,0.5820936089758434,-0.14326455953083506,49.333333333333336,3.1005947329921213,0.05066614363015607,0.40578451068821686,-0.6484068500708433,0.4039935873182665,group,5,1,0.3724718797251073,0.35771999670939003,0.3724718797251073,0.35771999670939003,True,False,True,True,False,Overfitting with high CV instability,34.0,41.0,36.0,35.800000000000004,44,48.0,48.0,40.0,46.4,47
MLR,fs4,AC,MLR_fs4_AC.pkl,True,2,257,75,"{""fit_intercept"": true}",False,0.14552940539723092,0.30155252234365726,0.16699134654782122,0.40864574700811607,-4.8383260217127445e-17,0.4858937594282733,0.07562421353500992,31.906614785992215,19.39381984405327,-0.05008108532818878,0.23607699913283645,0.08441451080226696,0.2905417539739632,0.1228201595721026,0.5479034484821113,-0.02473464142098214,36.0,3.463946696122818,-0.17114979782680922,0.21714553334530243,-0.5155058324131463,0.00945999123479846,group,5,1,0.31667920322404014,-0.12106871249862045,0.31667920322404014,0.12106871249862045,True,True,True,False,False,Possible underfitting,47.0,16.0,34.0,38.2,45,43.0,43.0,44.0,43.2,43
RF,fs4,AC,RF_fs4_AC.pkl,True,2,257,75,"{""n_estimators"": 200, ""min_samples_split"": 20, ""min_samples_leaf"": 6, ""max_features"": 0.5, ""max_depth"": 3}",False,0.30002652006837804,0.2686771663464553,0.13679758519470891,0.36986157572084843,-0.001279162332955147,0.6415608425550374,0.16335582238826163,37.7431906614786,13.135801349307485,0.12968544468568421,0.2170153509851101,0.06996333755310838,0.2645058365199308,0.11498960959956364,0.6844732763559355,0.06709349058208636,33.33333333333333,4.067131893673434,-0.14062485318585305,0.31561227839401607,-0.6971727635645149,0.07133561085530882,group,5,1,0.4406513732542311,-0.27031029787153726,0.4406513732542311,0.27031029787153726,True,True,True,True,False,Possible underfitting,45.0,33.0,42.0,42.0,46,36.0,36.0,37.0,36.199999999999996,36
KNN,fs2,AC,KNN_fs2_AC.pkl,True,3,257,75,"{""n_neighbors"": 5, ""p"": 1, ""weights"": ""uniform""}",False,0.6782997518346696,0.16934662744357978,0.0628706920580116,0.2507402880631902,0.004889139592996108,0.8983836672619491,0.4328137447316531,67.70428015564202,5.078363962574258,0.5145730663712487,0.146214699608,0.03902277424577047,0.19754182910404183,0.09697522932000001,0.8920944511049703,0.3032741330847898,65.33333333333333,0.7297071841275056,-0.08703120454180084,0.4118903643581821,-0.7251516297498586,0.37651437357321493,group,5,1,0.7653309563764704,-0.6016042709130495,0.7653309563764704,0.6016042709130495,True,False,True,True,False,Overfitting with high CV instability,41.0,42.0,48.0,42.6,47,1.0,1.0,1.0,1.0,1
KNN,fs4,AC,KNN_fs4_AC.pkl,True,2,257,75,"{""n_neighbors"": 15, ""p"": 1, ""weights"": ""uniform""}",False,0.28828958295463025,0.27197896227211416,0.1390913644603172,0.37294954680267034,-0.00247414330298314,0.659037499522414,0.1563706874193087,40.856031128404666,7.844705851500748,-0.029224691592647734,0.228946264944,0.082737895254302,0.2876419567001692,0.12249281655466668,0.6745979569630993,-0.014507117566282979,36.0,2.5809079792697815,-0.1911078729660595,0.305011230581092,-0.7299597128099165,-0.013040275436781545,group,5,1,0.4793974559206897,-0.16188318137341176,0.4793974559206897,0.16188318137341176,True,True,True,False,False,Possible underfitting,48.0,31.0,45.0,44.0,48,41.0,41.0,42.0,41.199999999999996,41
