task,target,feature_set,model,folds,metric,mean_score,sd_score,secondary_metric,secondary_mean,source_file
regression,AC,fs1,ANN,5,R2,0.18824020709038453,0.3143254560992334,RMSE,0.35161433480729565,G:\Researching\GT_GL_MLops\GTFS_MLops_2026\regression_report\nested_cv\AC\fs1\ANN_nested_cv_folds.csv
regression,AC,fs1,DT,5,R2,0.02603853989985891,0.3635682130907393,RMSE,0.3863708487876332,G:\Researching\GT_GL_MLops\GTFS_MLops_2026\regression_report\nested_cv\AC\fs1\DT_nested_cv_folds.csv
regression,AC,fs1,EN,5,R2,0.08364071887909937,0.4430820508501307,RMSE,0.3666851723307486,G:\Researching\GT_GL_MLops\GTFS_MLops_2026\regression_report\nested_cv\AC\fs1\EN_nested_cv_folds.csv
regression,AC,fs1,ET,5,R2,0.1194538281140479,0.29508567778646816,RMSE,0.36853485209753656,G:\Researching\GT_GL_MLops\GTFS_MLops_2026\regression_report\nested_cv\AC\fs1\ET_nested_cv_folds.csv
regression,AC,fs1,GBR,5,R2,0.17109640971235635,0.30028328977054086,RMSE,0.36405345422627305,G:\Researching\GT_GL_MLops\GTFS_MLops_2026\regression_report\nested_cv\AC\fs1\GBR_nested_cv_folds.csv
regression,AC,fs1,KNN,3,R2,-0.09000410759528772,0.10356449014161967,RMSE,0.41084975665939716,G:\Researching\GT_GL_MLops\GTFS_MLops_2026\regression_report\nested_cv\AC\fs1\KNN_nested_cv_folds.csv
regression,AC,fs1,LASSO,5,R2,0.09044346290410857,0.4494533610799976,RMSE,0.36471061187869125,G:\Researching\GT_GL_MLops\GTFS_MLops_2026\regression_report\nested_cv\AC\fs1\LASSO_nested_cv_folds.csv
regression,AC,fs1,MLR,5,R2,0.09745817362343759,0.461608394191044,RMSE,0.36222631299539376,G:\Researching\GT_GL_MLops\GTFS_MLops_2026\regression_report\nested_cv\AC\fs1\MLR_nested_cv_folds.csv
regression,AC,fs1,RF,5,R2,0.033170216668857846,0.36865514853709397,RMSE,0.3779760657109847,G:\Researching\GT_GL_MLops\GTFS_MLops_2026\regression_report\nested_cv\AC\fs1\RF_nested_cv_folds.csv
regression,AC,fs1,RIDGE,5,R2,0.09159457635829431,0.4545044210005521,RMSE,0.3641082344207881,G:\Researching\GT_GL_MLops\GTFS_MLops_2026\regression_report\nested_cv\AC\fs1\RIDGE_nested_cv_folds.csv
regression,AC,fs1,SVR,5,R2,0.1477239980086784,0.3472970405509121,RMSE,0.36443888122697743,G:\Researching\GT_GL_MLops\GTFS_MLops_2026\regression_report\nested_cv\AC\fs1\SVR_nested_cv_folds.csv
regression,AC,fs1,XGB,5,R2,0.1093468269833836,0.24170034808835172,RMSE,0.37390922369455604,G:\Researching\GT_GL_MLops\GTFS_MLops_2026\regression_report\nested_cv\AC\fs1\XGB_nested_cv_folds.csv
regression,AC,fs2,ANN,5,R2,-0.01705724064154221,0.41019968810902185,RMSE,0.3884711337815472,G:\Researching\GT_GL_MLops\GTFS_MLops_2026\regression_report\nested_cv\AC\fs2\ANN_nested_cv_folds.csv
regression,AC,fs2,DT,5,R2,-0.041441973213466585,0.4769629013862566,RMSE,0.3900637229843664,G:\Researching\GT_GL_MLops\GTFS_MLops_2026\regression_report\nested_cv\AC\fs2\DT_nested_cv_folds.csv
regression,AC,fs2,EN,5,R2,0.24412138259324773,0.3809655839509368,RMSE,0.33811194851227255,G:\Researching\GT_GL_MLops\GTFS_MLops_2026\regression_report\nested_cv\AC\fs2\EN_nested_cv_folds.csv
regression,AC,fs2,ET,5,R2,0.1283762092223267,0.1541105409701501,RMSE,0.3774227292740965,G:\Researching\GT_GL_MLops\GTFS_MLops_2026\regression_report\nested_cv\AC\fs2\ET_nested_cv_folds.csv
regression,AC,fs2,GBR,5,R2,0.12039446484436497,0.23516571670267616,RMSE,0.3766006110736019,G:\Researching\GT_GL_MLops\GTFS_MLops_2026\regression_report\nested_cv\AC\fs2\GBR_nested_cv_folds.csv
regression,AC,fs2,KNN,3,R2,-0.11240577858649764,0.1577000490565461,RMSE,0.4248251645313171,G:\Researching\GT_GL_MLops\GTFS_MLops_2026\regression_report\nested_cv\AC\fs2\KNN_nested_cv_folds.csv
regression,AC,fs2,LASSO,5,R2,0.2591736711462248,0.38701753227130087,RMSE,0.3334357782910019,G:\Researching\GT_GL_MLops\GTFS_MLops_2026\regression_report\nested_cv\AC\fs2\LASSO_nested_cv_folds.csv
regression,AC,fs2,MLR,5,R2,0.24804078273728547,0.41265861411430504,RMSE,0.3342979410862036,G:\Researching\GT_GL_MLops\GTFS_MLops_2026\regression_report\nested_cv\AC\fs2\MLR_nested_cv_folds.csv
regression,AC,fs2,RF,5,R2,0.10576311318755771,0.2089715735864512,RMSE,0.37640035863378535,G:\Researching\GT_GL_MLops\GTFS_MLops_2026\regression_report\nested_cv\AC\fs2\RF_nested_cv_folds.csv
regression,AC,fs2,RIDGE,5,R2,0.21337996833297712,0.3762359363844414,RMSE,0.3463296341608049,G:\Researching\GT_GL_MLops\GTFS_MLops_2026\regression_report\nested_cv\AC\fs2\RIDGE_nested_cv_folds.csv
regression,AC,fs2,SVR,5,R2,0.08012416814717395,0.3693049543279168,RMSE,0.383417752168708,G:\Researching\GT_GL_MLops\GTFS_MLops_2026\regression_report\nested_cv\AC\fs2\SVR_nested_cv_folds.csv
regression,AC,fs2,XGB,5,R2,-0.04575506631708266,0.11071142196516166,RMSE,0.41172231507587176,G:\Researching\GT_GL_MLops\GTFS_MLops_2026\regression_report\nested_cv\AC\fs2\XGB_nested_cv_folds.csv
regression,AC,fs3,ANN,5,R2,-0.09701419897696155,0.4673102496105836,RMSE,0.42578894344423,G:\Researching\GT_GL_MLops\GTFS_MLops_2026\regression_report\nested_cv\AC\fs3\ANN_nested_cv_folds.csv
regression,AC,fs3,DT,5,R2,-0.23987634546630723,0.3023347301023863,RMSE,0.4569430141347497,G:\Researching\GT_GL_MLops\GTFS_MLops_2026\regression_report\nested_cv\AC\fs3\DT_nested_cv_folds.csv
regression,AC,fs3,EN,5,R2,0.047349939832706966,0.500773571188615,RMSE,0.3841285312524003,G:\Researching\GT_GL_MLops\GTFS_MLops_2026\regression_report\nested_cv\AC\fs3\EN_nested_cv_folds.csv
regression,AC,fs3,ET,5,R2,0.10329376228881955,0.16822354810895657,RMSE,0.383236865214279,G:\Researching\GT_GL_MLops\GTFS_MLops_2026\regression_report\nested_cv\AC\fs3\ET_nested_cv_folds.csv
regression,AC,fs3,GBR,5,R2,-0.014443520139493548,0.21980132525849544,RMSE,0.4086506557031223,G:\Researching\GT_GL_MLops\GTFS_MLops_2026\regression_report\nested_cv\AC\fs3\GBR_nested_cv_folds.csv
regression,AC,fs3,KNN,3,R2,-0.15493358084908596,0.1456710165837343,RMSE,0.42573562499491896,G:\Researching\GT_GL_MLops\GTFS_MLops_2026\regression_report\nested_cv\AC\fs3\KNN_nested_cv_folds.csv
regression,AC,fs3,LASSO,5,R2,0.05985214546033903,0.4975328134101455,RMSE,0.37991367481881866,G:\Researching\GT_GL_MLops\GTFS_MLops_2026\regression_report\nested_cv\AC\fs3\LASSO_nested_cv_folds.csv
regression,AC,fs3,MLR,5,R2,0.07830710299161994,0.6420614848388193,RMSE,0.36346558581772387,G:\Researching\GT_GL_MLops\GTFS_MLops_2026\regression_report\nested_cv\AC\fs3\MLR_nested_cv_folds.csv
regression,AC,fs3,RF,5,R2,0.06987767211046472,0.215665029190604,RMSE,0.38826547653002585,G:\Researching\GT_GL_MLops\GTFS_MLops_2026\regression_report\nested_cv\AC\fs3\RF_nested_cv_folds.csv
regression,AC,fs3,RIDGE,5,R2,0.03909630714007202,0.4759500926473696,RMSE,0.388273043975624,G:\Researching\GT_GL_MLops\GTFS_MLops_2026\regression_report\nested_cv\AC\fs3\RIDGE_nested_cv_folds.csv
regression,AC,fs3,SVR,5,R2,0.08494199333798487,0.2734183974829161,RMSE,0.3869754275737944,G:\Researching\GT_GL_MLops\GTFS_MLops_2026\regression_report\nested_cv\AC\fs3\SVR_nested_cv_folds.csv
regression,AC,fs3,XGB,5,R2,-0.0157895659502301,0.23493936993022554,RMSE,0.4063885397220939,G:\Researching\GT_GL_MLops\GTFS_MLops_2026\regression_report\nested_cv\AC\fs3\XGB_nested_cv_folds.csv
regression,AC,fs4,ANN,5,R2,-0.09276178511671171,0.25061692602855834,RMSE,0.4161006189531687,G:\Researching\GT_GL_MLops\GTFS_MLops_2026\regression_report\nested_cv\AC\fs4\ANN_nested_cv_folds.csv
regression,AC,fs4,DT,5,R2,-0.21525159080102796,0.19043752819884924,RMSE,0.45387943259925534,G:\Researching\GT_GL_MLops\GTFS_MLops_2026\regression_report\nested_cv\AC\fs4\DT_nested_cv_folds.csv
regression,AC,fs4,EN,5,R2,-0.13701478570159892,0.22049735813550259,RMSE,0.42284056063928366,G:\Researching\GT_GL_MLops\GTFS_MLops_2026\regression_report\nested_cv\AC\fs4\EN_nested_cv_folds.csv
regression,AC,fs4,ET,5,R2,-0.057223632649118714,0.22620323594544423,RMSE,0.4089205202737366,G:\Researching\GT_GL_MLops\GTFS_MLops_2026\regression_report\nested_cv\AC\fs4\ET_nested_cv_folds.csv
regression,AC,fs4,GBR,5,R2,0.033596958760280876,0.13485788252640898,RMSE,0.4016894093177622,G:\Researching\GT_GL_MLops\GTFS_MLops_2026\regression_report\nested_cv\AC\fs4\GBR_nested_cv_folds.csv
regression,AC,fs4,KNN,3,R2,-0.39837754731034086,0.4213227777633701,RMSE,0.45508587705326636,G:\Researching\GT_GL_MLops\GTFS_MLops_2026\regression_report\nested_cv\AC\fs4\KNN_nested_cv_folds.csv
regression,AC,fs4,LASSO,5,R2,-0.1611824401357025,0.21454948677128866,RMSE,0.42774251697432186,G:\Researching\GT_GL_MLops\GTFS_MLops_2026\regression_report\nested_cv\AC\fs4\LASSO_nested_cv_folds.csv
regression,AC,fs4,MLR,5,R2,-0.1711497978268092,0.21714553334530243,RMSE,0.4286876428720755,G:\Researching\GT_GL_MLops\GTFS_MLops_2026\regression_report\nested_cv\AC\fs4\MLR_nested_cv_folds.csv
regression,AC,fs4,RF,5,R2,-0.1524802419560151,0.30328507829239787,RMSE,0.4198711734383605,G:\Researching\GT_GL_MLops\GTFS_MLops_2026\regression_report\nested_cv\AC\fs4\RF_nested_cv_folds.csv
regression,AC,fs4,RIDGE,5,R2,-0.16432647955196403,0.21696888072328296,RMSE,0.42799624978309636,G:\Researching\GT_GL_MLops\GTFS_MLops_2026\regression_report\nested_cv\AC\fs4\RIDGE_nested_cv_folds.csv
regression,AC,fs4,SVR,5,R2,0.0015768348938169253,0.22755189919180738,RMSE,0.4070080246538127,G:\Researching\GT_GL_MLops\GTFS_MLops_2026\regression_report\nested_cv\AC\fs4\SVR_nested_cv_folds.csv
regression,AC,fs4,XGB,5,R2,-0.07249740096143792,0.21779096126197198,RMSE,0.414915326966124,G:\Researching\GT_GL_MLops\GTFS_MLops_2026\regression_report\nested_cv\AC\fs4\XGB_nested_cv_folds.csv
classification,AC,fs1,ANN,5,Macro-F1,0.6223873065326371,0.1131422098624356,Balanced accuracy,0.643703014802759,G:\Researching\GT_GL_MLops\GTFS_MLops_2026\classification_report\nested_cv\AC\fs1\ANN_nested_cv_folds.csv
classification,AC,fs1,DT,5,Macro-F1,0.5754898746891213,0.14963705905585864,Balanced accuracy,0.5929321131175351,G:\Researching\GT_GL_MLops\GTFS_MLops_2026\classification_report\nested_cv\AC\fs1\DT_nested_cv_folds.csv
classification,AC,fs1,ET,5,Macro-F1,0.5905101685132348,0.13787185306134103,Balanced accuracy,0.6090056791271625,G:\Researching\GT_GL_MLops\GTFS_MLops_2026\classification_report\nested_cv\AC\fs1\ET_nested_cv_folds.csv
classification,AC,fs1,GBC,5,Macro-F1,0.6023337850543732,0.11228655050093964,Balanced accuracy,0.6206290526750885,G:\Researching\GT_GL_MLops\GTFS_MLops_2026\classification_report\nested_cv\AC\fs1\GBC_nested_cv_folds.csv
classification,AC,fs1,KNN,5,Macro-F1,0.5490304046739988,0.12885399021063476,Balanced accuracy,0.5775957787594617,G:\Researching\GT_GL_MLops\GTFS_MLops_2026\classification_report\nested_cv\AC\fs1\KNN_nested_cv_folds.csv
classification,AC,fs1,LOGREG,5,Macro-F1,0.5396848369691499,0.1099842348565246,Balanced accuracy,0.5724408406313777,G:\Researching\GT_GL_MLops\GTFS_MLops_2026\classification_report\nested_cv\AC\fs1\LOGREG_nested_cv_folds.csv
classification,AC,fs1,RF,5,Macro-F1,0.6165523087103562,0.12200841469193068,Balanced accuracy,0.62642475479432,G:\Researching\GT_GL_MLops\GTFS_MLops_2026\classification_report\nested_cv\AC\fs1\RF_nested_cv_folds.csv
classification,AC,fs1,SVC,5,Macro-F1,0.6202594441628538,0.10570726814215455,Balanced accuracy,0.6433226123123821,G:\Researching\GT_GL_MLops\GTFS_MLops_2026\classification_report\nested_cv\AC\fs1\SVC_nested_cv_folds.csv
classification,AC,fs1,XGB,5,Macro-F1,0.6084977890122754,0.16812454974900398,Balanced accuracy,0.6223125543585902,G:\Researching\GT_GL_MLops\GTFS_MLops_2026\classification_report\nested_cv\AC\fs1\XGB_nested_cv_folds.csv
classification,AC,fs2,ANN,5,Macro-F1,0.548772990336334,0.054497555389790564,Balanced accuracy,0.5533756792132751,G:\Researching\GT_GL_MLops\GTFS_MLops_2026\classification_report\nested_cv\AC\fs2\ANN_nested_cv_folds.csv
classification,AC,fs2,DT,5,Macro-F1,0.47379033984851293,0.09916735218354802,Balanced accuracy,0.49240148716491416,G:\Researching\GT_GL_MLops\GTFS_MLops_2026\classification_report\nested_cv\AC\fs2\DT_nested_cv_folds.csv
classification,AC,fs2,ET,5,Macro-F1,0.4980317025359618,0.11520202527407912,Balanced accuracy,0.5274419600954128,G:\Researching\GT_GL_MLops\GTFS_MLops_2026\classification_report\nested_cv\AC\fs2\ET_nested_cv_folds.csv
classification,AC,fs2,GBC,5,Macro-F1,0.4602668013404214,0.08326513576765907,Balanced accuracy,0.4975467160953094,G:\Researching\GT_GL_MLops\GTFS_MLops_2026\classification_report\nested_cv\AC\fs2\GBC_nested_cv_folds.csv
classification,AC,fs2,KNN,5,Macro-F1,0.4601819207291163,0.08689816013798532,Balanced accuracy,0.48109916298535227,G:\Researching\GT_GL_MLops\GTFS_MLops_2026\classification_report\nested_cv\AC\fs2\KNN_nested_cv_folds.csv
classification,AC,fs2,LOGREG,5,Macro-F1,0.5082764475830899,0.07334976739081965,Balanced accuracy,0.5370977033764758,G:\Researching\GT_GL_MLops\GTFS_MLops_2026\classification_report\nested_cv\AC\fs2\LOGREG_nested_cv_folds.csv
classification,AC,fs2,RF,5,Macro-F1,0.4454770922715173,0.11219985335996185,Balanced accuracy,0.4649474928311245,G:\Researching\GT_GL_MLops\GTFS_MLops_2026\classification_report\nested_cv\AC\fs2\RF_nested_cv_folds.csv
classification,AC,fs2,SVC,5,Macro-F1,0.5160297596155717,0.10449520849352073,Balanced accuracy,0.5291530608730097,G:\Researching\GT_GL_MLops\GTFS_MLops_2026\classification_report\nested_cv\AC\fs2\SVC_nested_cv_folds.csv
classification,AC,fs2,XGB,5,Macro-F1,0.4685113006143203,0.09263458116150959,Balanced accuracy,0.49218555977507383,G:\Researching\GT_GL_MLops\GTFS_MLops_2026\classification_report\nested_cv\AC\fs2\XGB_nested_cv_folds.csv
classification,AC,fs3,ANN,5,Macro-F1,0.5199898135254266,0.05306556483094269,Balanced accuracy,0.5441774522720815,G:\Researching\GT_GL_MLops\GTFS_MLops_2026\classification_report\nested_cv\AC\fs3\ANN_nested_cv_folds.csv
classification,AC,fs3,DT,5,Macro-F1,0.39601714870603877,0.06218462753433544,Balanced accuracy,0.43278905853074645,G:\Researching\GT_GL_MLops\GTFS_MLops_2026\classification_report\nested_cv\AC\fs3\DT_nested_cv_folds.csv
classification,AC,fs3,ET,5,Macro-F1,0.4679930622686538,0.10292713167276453,Balanced accuracy,0.48472194235621335,G:\Researching\GT_GL_MLops\GTFS_MLops_2026\classification_report\nested_cv\AC\fs3\ET_nested_cv_folds.csv
classification,AC,fs3,GBC,5,Macro-F1,0.47698680259776643,0.09397932931619507,Balanced accuracy,0.49882932048533074,G:\Researching\GT_GL_MLops\GTFS_MLops_2026\classification_report\nested_cv\AC\fs3\GBC_nested_cv_folds.csv
classification,AC,fs3,KNN,5,Macro-F1,0.44811721126642146,0.133027279098469,Balanced accuracy,0.4575072334599189,G:\Researching\GT_GL_MLops\GTFS_MLops_2026\classification_report\nested_cv\AC\fs3\KNN_nested_cv_folds.csv
classification,AC,fs3,LOGREG,5,Macro-F1,0.5236491453032055,0.056437226478874065,Balanced accuracy,0.5594377707165431,G:\Researching\GT_GL_MLops\GTFS_MLops_2026\classification_report\nested_cv\AC\fs3\LOGREG_nested_cv_folds.csv
classification,AC,fs3,RF,5,Macro-F1,0.5029181973492556,0.09308488610223695,Balanced accuracy,0.5124715397797239,G:\Researching\GT_GL_MLops\GTFS_MLops_2026\classification_report\nested_cv\AC\fs3\RF_nested_cv_folds.csv
classification,AC,fs3,SVC,5,Macro-F1,0.5172881893676984,0.10486578032594406,Balanced accuracy,0.5489873586676656,G:\Researching\GT_GL_MLops\GTFS_MLops_2026\classification_report\nested_cv\AC\fs3\SVC_nested_cv_folds.csv
classification,AC,fs3,XGB,5,Macro-F1,0.4456769363237402,0.1088947036369109,Balanced accuracy,0.46070093518303235,G:\Researching\GT_GL_MLops\GTFS_MLops_2026\classification_report\nested_cv\AC\fs3\XGB_nested_cv_folds.csv
classification,AC,fs4,ANN,5,Macro-F1,0.4792126766443241,0.16642344612315269,Balanced accuracy,0.5250907411713037,G:\Researching\GT_GL_MLops\GTFS_MLops_2026\classification_report\nested_cv\AC\fs4\ANN_nested_cv_folds.csv
classification,AC,fs4,DT,5,Macro-F1,0.3941481109690426,0.1252348838112558,Balanced accuracy,0.4644549717120049,G:\Researching\GT_GL_MLops\GTFS_MLops_2026\classification_report\nested_cv\AC\fs4\DT_nested_cv_folds.csv
classification,AC,fs4,ET,5,Macro-F1,0.4067939418919811,0.07446653600338597,Balanced accuracy,0.4678700905043616,G:\Researching\GT_GL_MLops\GTFS_MLops_2026\classification_report\nested_cv\AC\fs4\ET_nested_cv_folds.csv
classification,AC,fs4,GBC,5,Macro-F1,0.3961873513601536,0.10281727678625062,Balanced accuracy,0.44876374572666133,G:\Researching\GT_GL_MLops\GTFS_MLops_2026\classification_report\nested_cv\AC\fs4\GBC_nested_cv_folds.csv
classification,AC,fs4,KNN,5,Macro-F1,0.3585185811148655,0.11108968603537989,Balanced accuracy,0.4281002695324946,G:\Researching\GT_GL_MLops\GTFS_MLops_2026\classification_report\nested_cv\AC\fs4\KNN_nested_cv_folds.csv
classification,AC,fs4,LOGREG,5,Macro-F1,0.37426925033521097,0.1413048757788181,Balanced accuracy,0.44024580846831485,G:\Researching\GT_GL_MLops\GTFS_MLops_2026\classification_report\nested_cv\AC\fs4\LOGREG_nested_cv_folds.csv
classification,AC,fs4,RF,5,Macro-F1,0.4094309227795116,0.10586587446946635,Balanced accuracy,0.46839882197938465,G:\Researching\GT_GL_MLops\GTFS_MLops_2026\classification_report\nested_cv\AC\fs4\RF_nested_cv_folds.csv
classification,AC,fs4,SVC,5,Macro-F1,0.4112870270191191,0.12942683204210753,Balanced accuracy,0.4565683475849716,G:\Researching\GT_GL_MLops\GTFS_MLops_2026\classification_report\nested_cv\AC\fs4\SVC_nested_cv_folds.csv
classification,AC,fs4,XGB,5,Macro-F1,0.40879914164775244,0.1052224547254315,Balanced accuracy,0.4720876712564692,G:\Researching\GT_GL_MLops\GTFS_MLops_2026\classification_report\nested_cv\AC\fs4\XGB_nested_cv_folds.csv
